pixel_iou,pixel_dice,pixel_accuracy,pixel_precision,pixel_recall,region_iou,region_dice,region_precision,region_recall,region_success_accuracy
0.7324267469047758,0.8455500334583951,0.9608192443847656,0.9432422458188651,0.7661947457349976,0.7324267469047758,0.8455500334583951,0.9432422458188651,0.7661947457349976,1.0
0.8383617542381014,0.9120748430556375,0.9630546569824219,0.9478816297840824,0.878874828866737,0.8383617542381014,0.9120748430556375,0.9478816297840824,0.878874828866737,1.0
0.6129564115098138,0.7600408878204634,0.8663473129272461,0.8620032080535349,0.6796484566389025,0.6129564115098138,0.7600408878204634,0.8620032080535349,0.6796484566389025,1.0
0.7656458013718603,0.8672699822093125,0.9294900894165039,0.9155027800623856,0.823865070432143,0.7656458013718603,0.8672699822093125,0.9155027800623856,0.823865070432143,1.0
0.8889615051823487,0.9412171743505529,0.9539833068847656,0.9260990683870102,0.956837062760387,0.8889615051823487,0.9412171743505529,0.9260990683870102,0.956837062760387,1.0
0.5316498911777795,0.6942185603120584,0.8534717559814453,0.8387410132486955,0.5921806298276886,0.5316498911777795,0.6942185603120584,0.8387410132486955,0.5921806298276886,1.0
0.8145270997460071,0.8977844418636928,0.9178247451782227,0.9509130612870558,0.8502783981880525,0.8145270997460071,0.8977844418636928,0.9509130612870558,0.8502783981880525,1.0
0.8677637032917922,0.9292007353632843,0.9260683059692383,0.9273265511100255,0.931082510642815,0.8677637032917922,0.9292007353632843,0.9273265511100255,0.931082510642815,1.0
0.8355853676473435,0.910429318488529,0.9189796447753906,0.8995191586526442,0.9216073837536928,0.8355853676473435,0.910429318488529,0.8995191586526442,0.9216073837536928,1.0
0.8339510997610391,0.9094583818180338,0.9151096343994141,0.9117527690704367,0.9071755130367024,0.8339510997610391,0.9094583818180338,0.9117527690704367,0.9071755130367024,1.0
0.8424748149728777,0.9145034799135416,0.9331178665161133,0.9363507002521407,0.8936525068559407,0.8424748149728777,0.9145034799135416,0.9363507002521407,0.8936525068559407,1.0
0.695017334728006,0.8200710641576219,0.9115762710571289,0.9030048164245633,0.7510895143574176,0.695017334728006,0.8200710641576219,0.9030048164245633,0.7510895143574176,1.0
0.8272830313704291,0.9054788088848851,0.9527702331542969,0.9528880569135411,0.8625634983836775,0.8272830313704291,0.9054788088848851,0.9528880569135411,0.8625634983836775,1.0
0.6883267744535584,0.8153952005841302,0.9247722625732422,0.875713172644331,0.7628510248853818,0.6883267744535584,0.8153952005841302,0.875713172644331,0.7628510248853818,1.0
0.8374341018487049,0.911525589958447,0.9411544799804688,0.921047446291864,0.9021985944436245,0.8374341018487049,0.911525589958447,0.921047446291864,0.9021985944436245,1.0
0.7303787550428433,0.8441836828085184,0.969151496887207,0.8205356306770297,0.8692352713601238,0.7303787550428433,0.8441836828085184,0.8205356306770297,0.8692352713601238,1.0
0.7084843273935925,0.8293717607283326,0.9036436080932617,0.878079742535312,0.7857835435220178,0.7084843273935925,0.8293717607283326,0.878079742535312,0.7857835435220178,1.0
0.7241386862912588,0.8400005081365363,0.9519538879394531,0.9334274421230943,0.7635742164946072,0.7241386862912588,0.8400005081365363,0.9334274421230943,0.7635742164946072,1.0
0.7283331793402938,0.8428157117463881,0.9102706909179688,0.8679799735044647,0.819069451795473,0.7283331793402938,0.8428157117463881,0.8679799735044647,0.819069451795473,1.0
0.9575083972801005,0.9782930163778912,0.9821929931640625,0.9759218067574807,0.9806757767797001,0.9575083972801005,0.9782930163778912,0.9759218067574807,0.9806757767797001,1.0
0.3341486068111455,0.5009166221892186,0.9384679794311523,0.3646324846000518,0.7998764822134388,0.3341486068111455,0.5009166221892186,0.3646324846000518,0.7998764822134388,0.0
0.9161458619220505,0.956238123754401,0.9694051742553711,0.9699227105811511,0.942934314738292,0.9161458619220505,0.956238123754401,0.9699227105811511,0.942934314738292,1.0
0.7856770873730468,0.8799766687143593,0.9077672958374023,0.8659702156034674,0.8944436595555735,0.7856770873730468,0.8799766687143593,0.8659702156034674,0.8944436595555735,1.0
0.7312116768539086,0.8447397699889858,0.8940658569335938,0.88850926198177,0.8050801398184065,0.7312116768539086,0.8447397699889858,0.88850926198177,0.8050801398184065,1.0
0.7335792181177528,0.8463175036376385,0.9027986526489258,0.8407358809361182,0.8519737341416693,0.7335792181177528,0.8463175036376385,0.8407358809361182,0.8519737341416693,1.0
0.7021892925851085,0.8250425444971473,0.93548583984375,0.8501068609528479,0.8014138785189949,0.7021892925851085,0.8250425444971473,0.8501068609528479,0.8014138785189949,1.0
0.7424441351784261,0.8521870172926949,0.9438753128051758,0.8464405460423902,0.8580120472787413,0.7424441351784261,0.8521870172926949,0.8464405460423902,0.8580120472787413,1.0
0.6845717832023169,0.8127546597046377,0.9272928237915039,0.8692872266090858,0.7631260953786551,0.6845717832023169,0.8127546597046377,0.8692872266090858,0.7631260953786551,1.0
0.7575346426744367,0.8620423453180961,0.9896039962768555,0.9172883729699157,0.8130729564553094,0.7575346426744367,0.8620423453180961,0.9172883729699157,0.8130729564553094,1.0
0.64366703076521,0.7832085437225695,0.8985776901245117,0.8774562196826441,0.7072434422457432,0.64366703076521,0.7832085437225695,0.8774562196826441,0.7072434422457432,1.0
0.6922235530252069,0.8181230568357367,0.9463310241699219,0.8380187504965704,0.7991501559520653,0.6922235530252069,0.8181230568357367,0.8380187504965704,0.7991501559520653,1.0
0.0,0.0,1.0,1.0,1.0,1.0,1.0,1.0,1.0,1.0
0.0,0.0,1.0,1.0,1.0,1.0,1.0,1.0,1.0,1.0
0.0,0.0,1.0,1.0,1.0,1.0,1.0,1.0,1.0,1.0
0.306352831507807,0.46902004438450395,0.9290361404418945,0.39313356061965427,0.5812110922467459,0.306352831507807,0.46902004438450395,0.39313356061965427,0.5812110922467459,0.0
0.726677879881851,0.8417063638199551,0.9872922897338867,0.869331566548881,0.8157828079305501,0.726677879881851,0.8417063638199551,0.869331566548881,0.8157828079305501,1.0
0.7339065727144428,0.846535314259184,0.8991260528564453,0.9095253980477189,0.791704999090877,0.7339065727144428,0.846535314259184,0.9095253980477189,0.791704999090877,1.0
0.8223134864590302,0.9024939919167061,0.9726438522338867,0.9375865186315224,0.869933616865117,0.8223134864590302,0.9024939919167061,0.9375865186315224,0.869933616865117,1.0
0.7844086200026564,0.8791804872602428,0.9752321243286133,0.9288515791646598,0.8345521346687157,0.7844086200026564,0.8791804872602428,0.9288515791646598,0.8345521346687157,1.0
0.4183423640377283,0.5899032203293905,0.9861793518066406,0.6811082794223355,0.520239580733716,0.4183423640377283,0.5899032203293905,0.6811082794223355,0.520239580733716,0.0
0.5750966155287505,0.7302366214985408,0.9446372985839844,0.8348154995271942,0.648942408549931,0.5750966155287505,0.7302366214985408,0.8348154995271942,0.648942408549931,1.0
0.6349760139555168,0.7767404641237663,0.9944124221801758,0.7894655305964369,0.7644191104777619,0.6349760139555168,0.7767404641237663,0.7894655305964369,0.7644191104777619,1.0
0.8837747085656361,0.9383019153480081,0.9930019378662109,0.9583662533063103,0.9190604822769798,0.8837747085656361,0.9383019153480081,0.9583662533063103,0.9190604822769798,1.0
0.7289991063449508,0.8432614032820778,0.989588737487793,0.9046856227472968,0.7896477547727884,0.7289991063449508,0.8432614032820778,0.9046856227472968,0.7896477547727884,1.0
0.744415742288406,0.8534843205574912,0.9839591979980469,0.9209339048048726,0.7952405687942341,0.744415742288406,0.8534843205574912,0.9209339048048726,0.7952405687942341,1.0
0.6627006854250189,0.7971376823671901,0.9825887680053711,0.8511294608959757,0.7495872777046371,0.6627006854250189,0.7971376823671901,0.8511294608959757,0.7495872777046371,1.0
0.7430683110294761,0.8525980379857993,0.9887943267822266,0.8994230056640728,0.8104073261470953,0.7430683110294761,0.8525980379857993,0.8994230056640728,0.8104073261470953,1.0
0.70340856124735,0.8258835575327472,0.9811878204345703,0.8202219611830917,0.8316238556572749,0.70340856124735,0.8258835575327472,0.8202219611830917,0.8316238556572749,1.0
0.6363235529902197,0.7777478382284496,0.9913473129272461,0.8446844737682239,0.7206409732625176,0.6363235529902197,0.7777478382284496,0.8446844737682239,0.7206409732625176,1.0
0.7040878762273827,0.8263516055124304,0.9903144836425781,0.9140598403752317,0.7540016849199663,0.7040878762273827,0.8263516055124304,0.9140598403752317,0.7540016849199663,1.0
0.6620618077053845,0.7966753157265749,0.981989860534668,0.8990790017253529,0.7152136091242992,0.6620618077053845,0.7966753157265749,0.8990790017253529,0.7152136091242992,1.0
0.8497273881544551,0.918759589760155,0.9980812072753906,0.9854482459939368,0.8605249224718251,0.8497273881544551,0.918759589760155,0.9854482459939368,0.8605249224718251,1.0
0.5458351696782724,0.7062009978617249,0.9980344772338867,0.9483154670750383,0.5625709743356803,0.5458351696782724,0.7062009978617249,0.9483154670750383,0.5625709743356803,1.0
0.44750249487893273,0.6183098080481875,0.9899682998657227,0.7386856251083752,0.5316692667706708,0.44750249487893273,0.6183098080481875,0.7386856251083752,0.5316692667706708,0.0
0.4976729510136468,0.6645949647108396,0.993927001953125,0.7538535069900825,0.5942356597909014,0.4976729510136468,0.6645949647108396,0.7538535069900825,0.5942356597909014,0.0
0.7420971020984805,0.8519583681122842,0.9643106460571289,0.89735,0.8109378177080587,0.7420971020984805,0.8519583681122842,0.89735,0.8109378177080587,1.0
0.6121367511921799,0.7594104541559554,0.9330596923828125,0.8532422419569755,0.6841715199762841,0.6121367511921799,0.7594104541559554,0.8532422419569755,0.6841715199762841,1.0
0.6873750738429916,0.8147270686860355,0.9631576538085938,0.8408501455186205,0.7901782391902955,0.6873750738429916,0.8147270686860355,0.8408501455186205,0.7901782391902955,1.0
0.517671185671421,0.6821914925430994,0.9452714920043945,0.7690732462602702,0.6129472060506543,0.517671185671421,0.6821914925430994,0.7690732462602702,0.6129472060506543,1.0
0.7181626433119446,0.8359658453842395,0.945587158203125,0.8995106076261067,0.7808067625845189,0.7181626433119446,0.8359658453842395,0.8995106076261067,0.7808067625845189,1.0
0.6523450638430396,0.7895990711840895,0.9467697143554688,0.8562085625761304,0.7326053958771973,0.6523450638430396,0.7895990711840895,0.8562085625761304,0.7326053958771973,1.0
0.7977121959516925,0.8874748669426374,0.9909267425537109,0.9321010658120296,0.846926567191133,0.7977121959516925,0.8874748669426374,0.9321010658120296,0.846926567191133,1.0
0.5398406374501992,0.7011642949547219,0.9977970123291016,0.9445799930289299,0.557498457107591,0.5398406374501992,0.7011642949547219,0.9445799930289299,0.557498457107591,1.0
0.6511549343355433,0.7887266310324544,0.992121696472168,0.904876474385306,0.6990027198549411,0.6511549343355433,0.7887266310324544,0.904876474385306,0.6990027198549411,1.0
0.640164368209694,0.780610017651413,0.9889764785766602,0.7965602726991013,0.7652859960552268,0.640164368209694,0.780610017651413,0.7965602726991013,0.7652859960552268,1.0
0.7181887950882578,0.8359835626228337,0.9947471618652344,0.9027590198726606,0.7784062551988022,0.7181887950882578,0.8359835626228337,0.9027590198726606,0.7784062551988022,1.0
0.6612974949355205,0.796121702406091,0.9934625625610352,0.9006729475100942,0.713318765655812,0.6612974949355205,0.796121702406091,0.9006729475100942,0.713318765655812,1.0
0.6439751835619557,0.7834366236194301,0.9940347671508789,0.7737655587470934,0.7933524998246967,0.6439751835619557,0.7834366236194301,0.7737655587470934,0.7933524998246967,1.0
0.6473650311616141,0.7859399937670579,0.8919172286987305,0.8615940168462551,0.7224994530623301,0.6473650311616141,0.7859399937670579,0.8615940168462551,0.7224994530623301,1.0
0.6195730638341755,0.7651066539318688,0.9859275817871094,0.8652385238523852,0.6857468968469111,0.6195730638341755,0.7651066539318688,0.8652385238523852,0.6857468968469111,1.0
0.0,0.0,0.9996328353881836,1.0,0.0,0.0,0.0,1.0,0.0,0.0
0.7635046113306982,0.865894658199477,0.9965763092041016,0.9238004144747329,0.8148200224971879,0.7635046113306982,0.865894658199477,0.9238004144747329,0.8148200224971879,1.0
0.720104248742348,0.8372797744890769,0.9955959320068359,0.9026743655979335,0.780720199763438,0.720104248742348,0.8372797744890769,0.9026743655979335,0.780720199763438,1.0
0.708243078256075,0.8292064370360124,0.9929351806640625,0.9160511435994091,0.7574021816956577,0.708243078256075,0.8292064370360124,0.9160511435994091,0.7574021816956577,1.0
0.5218104296490653,0.6857758620689656,0.9972190856933594,0.6832724930212584,0.6882976422236643,0.5218104296490653,0.6857758620689656,0.6832724930212584,0.6882976422236643,1.0
0.7306356311548792,0.8443552391988082,0.9928264617919922,0.9112550245645378,0.7866065232477446,0.7306356311548792,0.8443552391988082,0.9112550245645378,0.7866065232477446,1.0
0.7137167544214932,0.8329459959821957,0.9797773361206055,0.8809658712171711,0.7898904776846415,0.7137167544214932,0.8329459959821957,0.8809658712171711,0.7898904776846415,1.0
0.7003095975232199,0.8237436270939549,0.9949226379394531,0.9193083573487032,0.7461764529478798,0.7003095975232199,0.8237436270939549,0.9193083573487032,0.7461764529478798,1.0
0.7288330130258381,0.8431502725069092,0.9903116226196289,0.9392198679141442,0.7649102165448077,0.7288330130258381,0.8431502725069092,0.9392198679141442,0.7649102165448077,1.0
0.7446164846951404,0.853616243142695,0.9911441802978516,0.8608355589469668,0.8465170085042522,0.7446164846951404,0.853616243142695,0.8608355589469668,0.8465170085042522,1.0
0.690673712021136,0.8170396299537442,0.9888343811035156,0.8729130492854281,0.7678886147338738,0.690673712021136,0.8170396299537442,0.8729130492854281,0.7678886147338738,1.0
0.6748202787046532,0.805842020526018,0.9404258728027344,0.922399869077351,0.7154367897923255,0.6748202787046532,0.805842020526018,0.922399869077351,0.7154367897923255,1.0
0.6205827960213925,0.7658760756253277,0.9927606582641602,0.7601322395004285,0.7717073777114799,0.6205827960213925,0.7658760756253277,0.7601322395004285,0.7717073777114799,1.0
0.4929218020506508,0.6603451049794867,0.9677867889404297,0.916001785415388,0.5162573503977862,0.4929218020506508,0.6603451049794867,0.916001785415388,0.5162573503977862,0.0
0.6961111641069668,0.8208320053992239,0.9908857345581055,0.9090607092434183,0.7482142246830035,0.6961111641069668,0.8208320053992239,0.9090607092434183,0.7482142246830035,1.0
0.2679738562091503,0.422680412371134,0.99871826171875,0.3954983922829582,0.45387453874538747,0.2679738562091503,0.422680412371134,0.3954983922829582,0.45387453874538747,0.0
0.579790060167435,0.7340089987728946,0.8883705139160156,0.7193269226486609,0.7493029103781682,0.579790060167435,0.7340089987728946,0.7193269226486609,0.7493029103781682,1.0
0.6507725736359247,0.7884460694698354,0.9972410202026367,0.858849768997929,0.7287104622871047,0.6507725736359247,0.7884460694698354,0.858849768997929,0.7287104622871047,1.0
0.6979828165857302,0.8221317786822132,0.9969158172607422,0.9427346115035318,0.7288862882777453,0.6979828165857302,0.8221317786822132,0.9427346115035318,0.7288862882777453,1.0
0.7012683698034565,0.8244065219227845,0.9841423034667969,0.9009162877651349,0.7598746325604937,0.7012683698034565,0.8244065219227845,0.9009162877651349,0.7598746325604937,1.0
0.49512874043145444,0.6623225506167093,0.9958486557006836,0.7322469982847342,0.6045885851862343,0.49512874043145444,0.6623225506167093,0.7322469982847342,0.6045885851862343,0.0
0.578879813302217,0.7332791367969848,0.9965581893920898,0.8600901525658807,0.6390570655674352,0.578879813302217,0.7332791367969848,0.8600901525658807,0.6390570655674352,1.0
0.6606366941562473,0.7956426549901212,0.9854011535644531,0.909423828125,0.7071665875652586,0.6606366941562473,0.7956426549901212,0.909423828125,0.7071665875652586,1.0
0.5401366353543979,0.7014139173828666,0.9989728927612305,0.7652752571082879,0.6473899692937564,0.5401366353543979,0.7014139173828666,0.7652752571082879,0.6473899692937564,1.0
0.6912279231526681,0.8174272830880531,0.9859447479248047,0.8843885702031845,0.759892210603897,0.6912279231526681,0.8174272830880531,0.8843885702031845,0.759892210603897,1.0
0.7310669896776911,0.8446432102709198,0.990260124206543,0.9499743370402053,0.7603385003012543,0.7310669896776911,0.8446432102709198,0.9499743370402053,0.7603385003012543,1.0
0.6815132242302024,0.8105951406266216,0.9843358993530273,0.8953281027104137,0.7405136632745507,0.6815132242302024,0.8105951406266216,0.8953281027104137,0.7405136632745507,1.0
0.7224179907739621,0.8388416686815333,0.9834728240966797,0.9058263541603905,0.781081689555444,0.7224179907739621,0.8388416686815333,0.9058263541603905,0.781081689555444,1.0
0.7646813978319489,0.8666509419450114,0.9875993728637695,0.9118059601648648,0.8257572796560485,0.7646813978319489,0.8666509419450114,0.9118059601648648,0.8257572796560485,1.0
0.6610108987061429,0.7959139813243157,0.9556245803833008,0.8591001193023652,0.7413856499677243,0.6610108987061429,0.7959139813243157,0.8591001193023652,0.7413856499677243,1.0
0.6472118959107807,0.7858271270593545,0.9737539291381836,0.8179667881733496,0.7561176505825621,0.6472118959107807,0.7858271270593545,0.8179667881733496,0.7561176505825621,1.0
0.7552495995150885,0.8605609136429787,0.9946088790893555,0.8735102653980972,0.8479898886782363,0.7552495995150885,0.8605609136429787,0.8735102653980972,0.8479898886782363,1.0
0.7655945525802991,0.8672371031746032,0.9795799255371094,0.9062564793696869,0.8314390336693932,0.7655945525802991,0.8672371031746032,0.9062564793696869,0.8314390336693932,1.0
0.7978783345314655,0.8875776733128006,0.9900789260864258,0.9291370650255668,0.8495769286467924,0.7978783345314655,0.8875776733128006,0.9291370650255668,0.8495769286467924,1.0
0.740410752038659,0.8508459869848156,0.9836063385009766,0.9238393126318963,0.7885425713274792,0.740410752038659,0.8508459869848156,0.9238393126318963,0.7885425713274792,1.0
0.7300222498774371,0.8439455040871935,0.9863452911376953,0.9209324452901998,0.7788372560852947,0.7300222498774371,0.8439455040871935,0.9209324452901998,0.7788372560852947,1.0
0.7251443992046208,0.8406767567270881,0.988926887512207,0.8992778299671207,0.789245871228712,0.7251443992046208,0.8406767567270881,0.8992778299671207,0.789245871228712,1.0
0.0,0.0,1.0,1.0,1.0,1.0,1.0,1.0,1.0,1.0
0.0,0.0,1.0,1.0,1.0,1.0,1.0,1.0,1.0,1.0
0.6737180961140492,0.8050556395109218,0.9350433349609375,0.884322516144042,0.7388300806388064,0.6737180961140492,0.8050556395109218,0.884322516144042,0.7388300806388064,1.0
0.6715105597452363,0.8034774962445762,0.9283847808837891,0.8923132367643981,0.730728586525005,0.6715105597452363,0.8034774962445762,0.8923132367643981,0.730728586525005,1.0
0.6551524507912003,0.7916520928063425,0.9693241119384766,0.894192358906074,0.7102097739554885,0.6551524507912003,0.7916520928063425,0.894192358906074,0.7102097739554885,1.0
0.6791339354202944,0.8089097850914486,0.945347785949707,0.8586699514363788,0.7646009442942062,0.6791339354202944,0.8089097850914486,0.8586699514363788,0.7646009442942062,1.0
0.7052349177959689,0.8271410706361693,0.9959135055541992,0.9139698671659089,0.7553787208959623,0.7052349177959689,0.8271410706361693,0.9139698671659089,0.7553787208959623,1.0
0.7133574426115377,0.8327012506207955,0.9575939178466797,0.9001073677018432,0.7746874256191983,0.7133574426115377,0.8327012506207955,0.9001073677018432,0.7746874256191983,1.0
0.7850377881947767,0.8795755399539097,0.9549989700317383,0.9591624318863651,0.8121842244174647,0.7850377881947767,0.8795755399539097,0.9591624318863651,0.8121842244174647,1.0
0.03946520618556701,0.0759336742600341,0.9886264801025391,0.9057301293900185,0.03962798220784472,0.03946520618556701,0.0759336742600341,0.9057301293900185,0.03962798220784472,0.0
0.6053695822481949,0.754180954893168,0.9466762542724609,0.8322223839324698,0.6895212830097672,0.6053695822481949,0.754180954893168,0.8322223839324698,0.6895212830097672,1.0
0.632387382635299,0.7748006255897217,0.8670730590820312,0.85664880314398,0.7072287308722378,0.632387382635299,0.7748006255897217,0.85664880314398,0.7072287308722378,1.0
0.6446848879544639,0.7839615876282231,0.9867839813232422,0.8906521200099182,0.700097452317973,0.6446848879544639,0.7839615876282231,0.8906521200099182,0.700097452317973,1.0
0.4387192250773577,0.6098746960912661,0.9920425415039062,0.7129427197201574,0.532843137254902,0.4387192250773577,0.6098746960912661,0.7129427197201574,0.532843137254902,0.0
0.6749694206605137,0.805948350262232,0.9860620498657227,0.8716004709801557,0.7494937521608139,0.6749694206605137,0.805948350262232,0.8716004709801557,0.7494937521608139,1.0
0.7948826438720376,0.8857210209100523,0.9315757751464844,0.8938762650617903,0.8777132394721889,0.7948826438720376,0.8857210209100523,0.8938762650617903,0.8777132394721889,1.0
0.5981049069373943,0.748517702862951,0.9830112457275391,0.8538439241199395,0.6663231708849624,0.5981049069373943,0.748517702862951,0.8538439241199395,0.6663231708849624,1.0
0.46406922174423154,0.6339443720992354,0.9895448684692383,0.6990427098674521,0.5799376870914533,0.46406922174423154,0.6339443720992354,0.6990427098674521,0.5799376870914533,0.0
0.6790253066637197,0.8088327245203542,0.9889202117919922,0.8575116879492011,0.7653836571998007,0.6790253066637197,0.8088327245203542,0.8575116879492011,0.7653836571998007,1.0
0.6536376961447125,0.7905452296698389,0.9709291458129883,0.838412545727486,0.7478484698785783,0.6536376961447125,0.7905452296698389,0.838412545727486,0.7478484698785783,1.0
0.7028480276494633,0.8254970687192138,0.9573631286621094,0.9191235267531204,0.749181721572795,0.7028480276494633,0.8254970687192138,0.9191235267531204,0.749181721572795,1.0
0.6586324007878811,0.7941873081401503,0.9406642913818359,0.8800354820500415,0.7235995828737108,0.6586324007878811,0.7941873081401503,0.8800354820500415,0.7235995828737108,1.0
0.6854392920760788,0.81336574422894,0.9477930068969727,0.8861608635252691,0.7516224969440349,0.6854392920760788,0.81336574422894,0.8861608635252691,0.7516224969440349,1.0
0.705349326534687,0.8272197555769698,0.9634075164794922,0.9061778575797637,0.7609185499370402,0.705349326534687,0.8272197555769698,0.9061778575797637,0.7609185499370402,1.0
0.5878611184733634,0.7404439993323318,0.9851703643798828,0.8481835564053537,0.6569905213270142,0.5878611184733634,0.7404439993323318,0.8481835564053537,0.6569905213270142,1.0
0.6237074187822265,0.7682509934579277,0.9872636795043945,0.8508937151643283,0.7002404150322662,0.6237074187822265,0.7682509934579277,0.8508937151643283,0.7002404150322662,1.0
0.0,0.0,1.0,1.0,1.0,1.0,1.0,1.0,1.0,1.0
0.8049555873775021,0.8919394948072454,0.9468727111816406,0.9535440255485048,0.8378119351641303,0.8049555873775021,0.8919394948072454,0.9535440255485048,0.8378119351641303,1.0
0.7529396984924623,0.8590594407097911,0.9906225204467773,0.8942436811793143,0.8265390556045896,0.7529396984924623,0.8590594407097911,0.8942436811793143,0.8265390556045896,1.0
0.0,0.0,1.0,1.0,1.0,1.0,1.0,1.0,1.0,1.0
0.0,0.0,1.0,1.0,1.0,1.0,1.0,1.0,1.0,1.0
0.5337650323774283,0.6960193003618818,0.9740447998046875,0.7925824175824175,0.6204301075268818,0.5337650323774283,0.6960193003618818,0.7925824175824175,0.6204301075268818,1.0
0.7649684405095729,0.8668352622653298,0.9786577224731445,0.9208693123633007,0.8187908900829605,0.7649684405095729,0.8668352622653298,0.9208693123633007,0.8187908900829605,1.0
0.37810417928528167,0.5487309086913525,0.9921665191650391,0.6823336521382702,0.4588808233023982,0.37810417928528167,0.5487309086913525,0.6823336521382702,0.4588808233023982,0.0
0.5951986754966887,0.7462376751427089,0.9958028793334961,0.7962347729789591,0.7021484375,0.5951986754966887,0.7462376751427089,0.7962347729789591,0.7021484375,1.0
0.5834886216048337,0.7369659796020255,0.9929656982421875,0.8875622745232777,0.630060975609756,0.5834886216048337,0.7369659796020255,0.8875622745232777,0.630060975609756,1.0
0.08376421923474664,0.15458015267175573,0.9983100891113281,0.09551886792452831,0.405,0.08376421923474664,0.15458015267175573,0.09551886792452831,0.405,0.0
0.0,0.0,1.0,1.0,1.0,1.0,1.0,1.0,1.0,1.0
0.7218663250053384,0.8384696471755441,0.9975156784057617,0.8995476317189994,0.785158518174428,0.7218663250053384,0.8384696471755441,0.8995476317189994,0.785158518174428,1.0
0.6182122180075863,0.7640681625414449,0.9854097366333008,0.8341358294892084,0.7048597279918056,0.6182122180075863,0.7640681625414449,0.8341358294892084,0.7048597279918056,1.0
0.0,0.0,1.0,1.0,1.0,1.0,1.0,1.0,1.0,1.0
0.6750542727452141,0.8060088365243004,0.9968595504760742,0.8658397671180863,0.7539122768349129,0.6750542727452141,0.8060088365243004,0.8658397671180863,0.7539122768349129,1.0
0.7119984315775716,0.8317746306829026,0.9915943145751953,0.9297265008320178,0.7524950789101081,0.7119984315775716,0.8317746306829026,0.9297265008320178,0.7524950789101081,1.0
0.7021158129175946,0.8249918220477592,0.9989795684814453,0.8978284086863653,0.7630862329803328,0.7021158129175946,0.8249918220477592,0.8978284086863653,0.7630862329803328,1.0
0.7849517982127922,0.8795215635500477,0.9813642501831055,0.9517880971443822,0.8174545871296773,0.7849517982127922,0.8795215635500477,0.9517880971443822,0.8174545871296773,1.0
0.8195511678794972,0.9008278330909498,0.9966182708740234,0.9316788152261946,0.8719545208446129,0.8195511678794972,0.9008278330909498,0.9316788152261946,0.8719545208446129,1.0
0.0,0.0,1.0,1.0,1.0,1.0,1.0,1.0,1.0,1.0
0.7480385991319319,0.8558605050293563,0.9533853530883789,0.9127361012397084,0.8056573395514102,0.7480385991319319,0.8558605050293563,0.9127361012397084,0.8056573395514102,1.0
0.6441009587164939,0.7835296917767464,0.998265266418457,0.7192484159930085,0.8604286461055933,0.6441009587164939,0.7835296917767464,0.7192484159930085,0.8604286461055933,1.0
0.4113365787824746,0.5829035893582869,0.9883527755737305,0.666250292762901,0.5180913064594463,0.4113365787824746,0.5829035893582869,0.666250292762901,0.5180913064594463,0.0
0.5670775924583031,0.7237390097177233,0.991459846496582,0.7989918942851304,0.6614412991992782,0.5670775924583031,0.7237390097177233,0.7989918942851304,0.6614412991992782,1.0
0.8261794962752749,0.9048174048174048,0.9995326995849609,0.9072847682119205,0.9023634250290585,0.8261794962752749,0.9048174048174048,0.9072847682119205,0.9023634250290585,1.0
0.4844526570663948,0.6527020646435163,0.992283821105957,0.7891022314478464,0.5565070999853609,0.4844526570663948,0.6527020646435163,0.7891022314478464,0.5565070999853609,0.0
0.06612244897959184,0.12404287901990811,0.9978179931640625,0.42857142857142855,0.07251566696508505,0.06612244897959184,0.12404287901990811,0.42857142857142855,0.07251566696508505,0.0
0.0,0.0,1.0,1.0,1.0,1.0,1.0,1.0,1.0,1.0
0.7142079180961717,0.8332803863015439,0.9949951171875,0.9216444132115249,0.7603780148423006,0.7142079180961717,0.8332803863015439,0.9216444132115249,0.7603780148423006,1.0
0.731268855552215,0.8447779248231961,0.9505596160888672,0.9209858005549209,0.7802180177090996,0.731268855552215,0.8447779248231961,0.9209858005549209,0.7802180177090996,1.0
0.7262322084723571,0.841407320414954,0.9505462646484375,0.9379645160850414,0.7628744773123038,0.7262322084723571,0.841407320414954,0.9379645160850414,0.7628744773123038,1.0
0.7797197947010681,0.8762275915822292,0.9954566955566406,0.9396522902039451,0.8208235981308412,0.7797197947010681,0.8762275915822292,0.9396522902039451,0.8208235981308412,1.0
0.7316652766194051,0.8450423837657334,0.9953975677490234,0.9432298759945523,0.7653696271738498,0.7316652766194051,0.8450423837657334,0.9432298759945523,0.7653696271738498,1.0
0.0,0.0,1.0,1.0,1.0,1.0,1.0,1.0,1.0,1.0
0.0,0.0,0.999812126159668,1.0,0.0,0.0,0.0,1.0,0.0,0.0
0.7163091865641441,0.8347087950954963,0.9993314743041992,0.7818021201413428,0.8952959028831563,0.7163091865641441,0.8347087950954963,0.7818021201413428,0.8952959028831563,1.0
0.0,0.0,1.0,1.0,1.0,1.0,1.0,1.0,1.0,1.0
0.7140295544419718,0.833158976274986,0.9659309387207031,0.931425886284133,0.753647923619619,0.7140295544419718,0.833158976274986,0.931425886284133,0.753647923619619,1.0
0.0,0.0,0.9997625350952148,1.0,0.0,0.0,0.0,1.0,0.0,0.0
0.0,0.0,1.0,1.0,1.0,1.0,1.0,1.0,1.0,1.0
0.0,0.0,1.0,1.0,1.0,1.0,1.0,1.0,1.0,1.0
0.6460161846319341,0.7849451186002644,0.9861917495727539,0.9048075606081358,0.6931248852398815,0.6460161846319341,0.7849451186002644,0.9048075606081358,0.6931248852398815,1.0
0.29265658747300216,0.4527986633249791,0.9993753433227539,0.35194805194805195,0.6346604215456675,0.29265658747300216,0.4527986633249791,0.35194805194805195,0.6346604215456675,0.0
0.77702206748867,0.8745215737098596,0.9684219360351562,0.9264162759329436,0.8281324012803767,0.77702206748867,0.8745215737098596,0.9264162759329436,0.8281324012803767,1.0
0.0,0.0,0.9999990463256836,0.0,1.0,0.0,0.0,0.0,1.0,0.0
0.0,0.0,1.0,1.0,1.0,1.0,1.0,1.0,1.0,1.0
0.0,0.0,1.0,1.0,1.0,1.0,1.0,1.0,1.0,1.0
0.16803953871499178,0.28772919605077574,0.9990367889404297,0.9951219512195122,0.16817807089859851,0.16803953871499178,0.28772919605077574,0.9951219512195122,0.16817807089859851,0.0
0.8483188222823045,0.9179355986158277,0.9635648727416992,0.9709230202979947,0.8704323809058245,0.8483188222823045,0.9179355986158277,0.9709230202979947,0.8704323809058245,1.0
0.7272034665015952,0.8420588316378573,0.9836091995239258,0.9081286793126003,0.7849506578947368,0.7272034665015952,0.8420588316378573,0.9081286793126003,0.7849506578947368,1.0
0.7441112016562418,0.8532841265506688,0.9113588333129883,0.9055410933432503,0.8067293859204031,0.7441112016562418,0.8532841265506688,0.9055410933432503,0.8067293859204031,1.0
0.7091845140032949,0.8298513217185957,0.9528627395629883,0.9310299547357526,0.7485080512447914,0.7091845140032949,0.8298513217185957,0.9310299547357526,0.7485080512447914,1.0
0.4587494472990074,0.6289626339169062,0.9661455154418945,0.9718346253229975,0.46493085065286255,0.4587494472990074,0.6289626339169062,0.9718346253229975,0.46493085065286255,0.0
0.7293397249728821,0.8434892397840673,0.9631156921386719,0.9254861912796377,0.7748394099803724,0.7293397249728821,0.8434892397840673,0.9254861912796377,0.7748394099803724,1.0
0.0,0.0,1.0,1.0,1.0,1.0,1.0,1.0,1.0,1.0
0.0,0.0,0.9997291564941406,0.0,1.0,0.0,0.0,0.0,1.0,0.0
0.5809178950245102,0.7349121631841656,0.9766006469726562,0.8479008775428799,0.6484955954696259,0.5809178950245102,0.7349121631841656,0.8479008775428799,0.6484955954696259,1.0
0.5036896479021716,0.6699383062254627,0.9955101013183594,0.8495732574679943,0.5530092592592593,0.5036896479021716,0.6699383062254627,0.8495732574679943,0.5530092592592593,1.0
0.5374860646599777,0.6991752016677241,0.9968347549438477,0.7959141560049525,0.623403911427186,0.5374860646599777,0.6991752016677241,0.7959141560049525,0.623403911427186,1.0
0.6736209721463681,0.804986294217465,0.9914512634277344,0.9403303684879288,0.7037008862348332,0.6736209721463681,0.804986294217465,0.9403303684879288,0.7037008862348332,1.0
0.7466504263093788,0.8549511854951185,0.9886932373046875,0.8733503299340132,0.8373112868439971,0.7466504263093788,0.8549511854951185,0.8733503299340132,0.8373112868439971,1.0
0.6207010911020462,0.7659661544128179,0.9890928268432617,0.8703901781146817,0.6839143462690931,0.6207010911020462,0.7659661544128179,0.8703901781146817,0.6839143462690931,1.0
0.7031466699540789,0.8257030147298324,0.972442626953125,0.9044837656760006,0.7595463473638654,0.7031466699540789,0.8257030147298324,0.9044837656760006,0.7595463473638654,1.0
0.7261649286020857,0.8413621625254103,0.9549741744995117,0.8977234431577815,0.7916598166297818,0.7261649286020857,0.8413621625254103,0.8977234431577815,0.7916598166297818,1.0
0.6268787905423222,0.7706521151872062,0.9959516525268555,0.9255125875940825,0.6601869850967323,0.6268787905423222,0.7706521151872062,0.9255125875940825,0.6601869850967323,1.0
0.0,0.0,0.9975614547729492,0.0,0.0,0.0,0.0,0.0,0.0,0.0
0.7996629158228385,0.8886807732627175,0.9572639465332031,0.9351216273440645,0.846634449267062,0.7996629158228385,0.8886807732627175,0.9351216273440645,0.846634449267062,1.0
0.6183391320271012,0.764165087267687,0.9920492172241211,0.8303823927210131,0.7077285826565366,0.6183391320271012,0.764165087267687,0.8303823927210131,0.7077285826565366,1.0
0.0,0.0,1.0,1.0,1.0,1.0,1.0,1.0,1.0,1.0
0.0,0.0,1.0,1.0,1.0,1.0,1.0,1.0,1.0,1.0
0.0,0.0,1.0,1.0,1.0,1.0,1.0,1.0,1.0,1.0
0.0,0.0,0.9999914169311523,0.0,1.0,0.0,0.0,0.0,1.0,0.0
0.0,0.0,1.0,1.0,1.0,1.0,1.0,1.0,1.0,1.0
0.7739857416898102,0.8725952227243383,0.9924716949462891,0.9271529992797612,0.8241014541352925,0.7739857416898102,0.8725952227243383,0.9271529992797612,0.8241014541352925,1.0
0.7383822536441991,0.849505052293667,0.9748735427856445,0.9088697947859247,0.7974198944794749,0.7383822536441991,0.849505052293667,0.9088697947859247,0.7974198944794749,1.0
0.7733335552208752,0.8721805922457195,0.9740209579467773,0.9260200269018084,0.8242576891695342,0.7733335552208752,0.8721805922457195,0.9260200269018084,0.8242576891695342,1.0
0.8048700874787831,0.8918870040149022,0.9942989349365234,0.9268879449686126,0.859433271757694,0.8048700874787831,0.8918870040149022,0.9268879449686126,0.859433271757694,1.0
0.5715238969054967,0.7273499283477523,0.9951009750366211,0.8897545773276198,0.61508078994614,0.5715238969054967,0.7273499283477523,0.8897545773276198,0.61508078994614,1.0
0.0,0.0,1.0,1.0,1.0,1.0,1.0,1.0,1.0,1.0
0.0,0.0,1.0,1.0,1.0,1.0,1.0,1.0,1.0,1.0
0.0,0.0,1.0,1.0,1.0,1.0,1.0,1.0,1.0,1.0
0.7581856333347535,0.8624636886569271,0.9566984176635742,0.9302400041819405,0.8038928918302352,0.7581856333347535,0.8624636886569271,0.9302400041819405,0.8038928918302352,1.0
0.0,0.0,1.0,1.0,1.0,1.0,1.0,1.0,1.0,1.0
0.0,0.0,0.9993095397949219,1.0,0.0,0.0,0.0,1.0,0.0,0.0
0.0,0.0,1.0,1.0,1.0,1.0,1.0,1.0,1.0,1.0
0.2760128242494899,0.43261763362265876,0.9976310729980469,0.338335119685602,0.5997466751108297,0.2760128242494899,0.43261763362265876,0.338335119685602,0.5997466751108297,0.0
0.7797005900643196,0.8762154650250924,0.9438505172729492,0.9417246256953954,0.819227563648944,0.7797005900643196,0.8762154650250924,0.9417246256953954,0.819227563648944,1.0
0.7803705832809722,0.8766383702463328,0.9686651229858398,0.9552740751650833,0.809964200477327,0.7803705832809722,0.8766383702463328,0.9552740751650833,0.809964200477327,1.0
0.8161423976448782,0.898764765035196,0.9935674667358398,0.9294117647058824,0.8700743926537254,0.8161423976448782,0.898764765035196,0.9294117647058824,0.8700743926537254,1.0
0.12479740680713128,0.2219020172910663,0.9994850158691406,0.16417910447761194,0.3422222222222222,0.12479740680713128,0.2219020172910663,0.16417910447761194,0.3422222222222222,0.0
0.8169543614424,0.8992568869961663,0.9776201248168945,0.9597800687285223,0.8459140323388308,0.8169543614424,0.8992568869961663,0.9597800687285223,0.8459140323388308,1.0
0.7791454158467531,0.875864793183229,0.9895105361938477,0.9277022019269849,0.8295138740433537,0.7791454158467531,0.875864793183229,0.9277022019269849,0.8295138740433537,1.0
0.0,0.0,1.0,1.0,1.0,1.0,1.0,1.0,1.0,1.0
0.7433692893401015,0.8527961274590089,0.9768571853637695,0.9283648322041286,0.7886039310716209,0.7433692893401015,0.8527961274590089,0.9283648322041286,0.7886039310716209,1.0
0.7854583275066425,0.8798394399980419,0.9765901565551758,0.9517601457256629,0.81802459471514,0.7854583275066425,0.8798394399980419,0.9517601457256629,0.81802459471514,1.0
0.8120508568269762,0.8962782184258694,0.9996757507324219,0.9250629722921915,0.8692307692307693,0.8120508568269762,0.8962782184258694,0.9250629722921915,0.8692307692307693,1.0
0.7008529119355346,0.824119366251346,0.9454784393310547,0.9114788904918747,0.7520409652895532,0.7008529119355346,0.824119366251346,0.9114788904918747,0.7520409652895532,1.0
0.7107877107877107,0.8309478800972184,0.9976119995117188,0.9180963747575712,0.7589098532494759,0.7107877107877107,0.8309478800972184,0.9180963747575712,0.7589098532494759,1.0
0.7313079861742768,0.8448040348849427,0.9746456146240234,0.8861999706069662,0.8071028621143507,0.7313079861742768,0.8448040348849427,0.8861999706069662,0.8071028621143507,1.0
0.7786220418476868,0.8755340072574728,0.964573860168457,0.9281436700363012,0.8285685294639913,0.7786220418476868,0.8755340072574728,0.9281436700363012,0.8285685294639913,1.0
0.7270324259972961,0.841944152354247,0.948394775390625,0.9007862598282479,0.7903181583882607,0.7270324259972961,0.841944152354247,0.9007862598282479,0.7903181583882607,1.0
0.732314640106406,0.8454753231912007,0.9752407073974609,0.888979285311972,0.806030618382378,0.732314640106406,0.8454753231912007,0.888979285311972,0.806030618382378,1.0
0.7222901432492906,0.8387554745991991,0.9770374298095703,0.906451286059606,0.7804683508019791,0.7222901432492906,0.8387554745991991,0.906451286059606,0.7804683508019791,1.0
0.7380431701291864,0.8492805964932719,0.9876623153686523,0.9118861174351405,0.7947191697191697,0.7380431701291864,0.8492805964932719,0.9118861174351405,0.7947191697191697,1.0
0.6566594449602806,0.7927512766222443,0.990478515625,0.9122832162820697,0.700913996255919,0.6566594449602806,0.7927512766222443,0.9122832162820697,0.700913996255919,1.0
0.7507968416471514,0.8576630066807763,0.9426612854003906,0.9267373030937118,0.7981713631055982,0.7507968416471514,0.8576630066807763,0.9267373030937118,0.7981713631055982,1.0
0.7063653637350705,0.8279180751640485,0.9917469024658203,0.8881778232859764,0.7753156307027671,0.7063653637350705,0.8279180751640485,0.8881778232859764,0.7753156307027671,1.0
0.7004909983633388,0.8238691049085659,0.9996509552001953,0.8870466321243523,0.7690925426774483,0.7004909983633388,0.8238691049085659,0.8870466321243523,0.7690925426774483,1.0
0.5876383763837638,0.7402672864613596,0.9991474151611328,0.7250996015936255,0.7560830860534125,0.5876383763837638,0.7402672864613596,0.7250996015936255,0.7560830860534125,1.0
0.7719686315416927,0.8713118480771809,0.9533014297485352,0.929683863405661,0.8198367952522255,0.7719686315416927,0.8713118480771809,0.929683863405661,0.8198367952522255,1.0
0.6947120110084529,0.8198584850945366,0.9985189437866211,0.7920215150156881,0.8497234912238519,0.6947120110084529,0.8198584850945366,0.7920215150156881,0.8497234912238519,1.0
0.7713442532942899,0.8709139986310039,0.9904680252075195,0.9361412666240941,0.8141842944074181,0.7713442532942899,0.8709139986310039,0.9361412666240941,0.8141842944074181,1.0
0.4666018158236057,0.6363033384921513,0.9984312057495117,0.5211879753712423,0.8166855845629966,0.4666018158236057,0.6363033384921513,0.5211879753712423,0.8166855845629966,0.0
0.7890723773984238,0.882102241772747,0.9638833999633789,0.9344510988576102,0.8353075049968457,0.7890723773984238,0.882102241772747,0.9344510988576102,0.8353075049968457,1.0
0.7520730850316233,0.8584951066901974,0.9899063110351562,0.8519117998248733,0.8651809534075292,0.7520730850316233,0.8584951066901974,0.8519117998248733,0.8651809534075292,1.0
0.7838947775527194,0.8788576405029057,0.9371194839477539,0.9276953749243635,0.834904787670396,0.7838947775527194,0.8788576405029057,0.9276953749243635,0.834904787670396,1.0
0.7724248426940107,0.8716023654012406,0.9627485275268555,0.9480831527685409,0.8065397250273756,0.7724248426940107,0.8716023654012406,0.9480831527685409,0.8065397250273756,1.0
0.7728266288300034,0.8718581008003461,0.9152565002441406,0.9394520445773172,0.8133381045653156,0.7728266288300034,0.8718581008003461,0.9394520445773172,0.8133381045653156,1.0
0.5760869565217391,0.7310344827586207,0.9993305206298828,0.7355435620663069,0.7265803503427266,0.5760869565217391,0.7310344827586207,0.7355435620663069,0.7265803503427266,1.0
0.7885900470828711,0.8818007775107933,0.9538383483886719,0.9465627244465181,0.8253331200146276,0.7885900470828711,0.8818007775107933,0.9465627244465181,0.8253331200146276,1.0
0.8164229860323926,0.8989348761939012,0.9179887771606445,0.9216232498734849,0.877336740709814,0.8164229860323926,0.8989348761939012,0.9216232498734849,0.877336740709814,1.0
0.7027226847536083,0.8254106097791203,0.991180419921875,0.8954288522978618,0.7655483961339123,0.7027226847536083,0.8254106097791203,0.8954288522978618,0.7655483961339123,1.0
0.7518779214637784,0.8583679401993356,0.9869899749755859,0.9341091402101458,0.7939882838759243,0.7518779214637784,0.8583679401993356,0.9341091402101458,0.7939882838759243,1.0
0.6272389835347864,0.7709242340940727,0.9813241958618164,0.9310841739425277,0.6577770680293836,0.6272389835347864,0.7709242340940727,0.9310841739425277,0.6577770680293836,1.0
0.7576630979231144,0.8621255106492051,0.958704948425293,0.9401976512420915,0.7960251661080732,0.7576630979231144,0.8621255106492051,0.9401976512420915,0.7960251661080732,1.0
0.7015357446688412,0.8245912515994502,0.9294033050537109,0.8413618692094931,0.8084761356033009,0.7015357446688412,0.8245912515994502,0.8413618692094931,0.8084761356033009,1.0
0.7400431344356578,0.8506032060816394,0.9568939208984375,0.885209925633423,0.8186005382055996,0.7400431344356578,0.8506032060816394,0.885209925633423,0.8186005382055996,1.0
0.4752745050893644,0.6443200956157983,0.9937562942504883,0.6167446697867914,0.674476797088262,0.4752745050893644,0.6443200956157983,0.6167446697867914,0.674476797088262,0.0
0.703533686666165,0.825969796984747,0.9737005233764648,0.882205446211917,0.7764739383728242,0.703533686666165,0.825969796984747,0.882205446211917,0.7764739383728242,1.0
0.5114467332600487,0.6767644826713888,0.9902515411376953,0.5739956015662715,0.8243586780679455,0.5114467332600487,0.6767644826713888,0.5739956015662715,0.8243586780679455,1.0
0.8116131563460407,0.8960115502616857,0.9917573928833008,0.9748920015708863,0.828940338379341,0.8116131563460407,0.8960115502616857,0.9748920015708863,0.828940338379341,1.0
0.6075949367088608,0.7559055118110236,0.9989652633666992,0.9140369967355821,0.6444188722669736,0.6075949367088608,0.7559055118110236,0.9140369967355821,0.6444188722669736,1.0
0.6666666666666666,0.8,0.9997472763061523,0.9498207885304659,0.6910039113428944,0.6666666666666666,0.8,0.9498207885304659,0.6910039113428944,1.0
0.6332517188940363,0.7754490156885866,0.9404315948486328,0.8739738904240577,0.6968874587266818,0.6332517188940363,0.7754490156885866,0.8739738904240577,0.6968874587266818,1.0
0.0,0.0,0.9999923706054688,0.0,1.0,0.0,0.0,0.0,1.0,0.0
0.0,0.0,0.9992694854736328,0.0,1.0,0.0,0.0,0.0,1.0,0.0
0.0,0.0,1.0,1.0,1.0,1.0,1.0,1.0,1.0,1.0
0.6144318793753366,0.7611741160773849,0.9993171691894531,0.7693863789615644,0.7531353135313531,0.6144318793753366,0.7611741160773849,0.7693863789615644,0.7531353135313531,1.0
0.0,0.0,1.0,1.0,1.0,1.0,1.0,1.0,1.0,1.0
0.7759583114784159,0.8738474393945215,0.9498958587646484,0.9286148067629152,0.8251803748531833,0.7759583114784159,0.8738474393945215,0.9286148067629152,0.8251803748531833,1.0
0.7935855263157895,0.88491517652453,0.9748659133911133,0.9123693238607201,0.8590650117000712,0.7935855263157895,0.88491517652453,0.9123693238607201,0.8590650117000712,1.0
0.0,0.0,1.0,1.0,1.0,1.0,1.0,1.0,1.0,1.0
0.6335260115606937,0.775654635527247,0.9957675933837891,0.7897066392177046,0.7620939703983312,0.6335260115606937,0.775654635527247,0.7897066392177046,0.7620939703983312,1.0
0.0,0.0,1.0,1.0,1.0,1.0,1.0,1.0,1.0,1.0
0.29846153846153844,0.4597156398104265,0.9997825622558594,1.0,0.29846153846153844,0.29846153846153844,0.4597156398104265,1.0,0.29846153846153844,0.0
0.29914529914529914,0.4605263157894737,0.9993743896484375,0.99644128113879,0.2994652406417112,0.29914529914529914,0.4605263157894737,0.99644128113879,0.2994652406417112,0.0
0.2964889466840052,0.4573721163490471,0.9994840621948242,0.36363636363636365,0.6162162162162163,0.2964889466840052,0.4573721163490471,0.36363636363636365,0.6162162162162163,0.0
0.09230769230769231,0.16901408450704225,0.9997186660766602,1.0,0.09230769230769231,0.09230769230769231,0.16901408450704225,1.0,0.09230769230769231,0.0
0.8094435731598253,0.8946878312942322,0.9719581604003906,0.9336442939474805,0.8588520858975858,0.8094435731598253,0.8946878312942322,0.9336442939474805,0.8588520858975858,1.0
0.7945923211816199,0.8855407568649727,0.9725198745727539,0.9227858999619186,0.8511855217441106,0.7945923211816199,0.8855407568649727,0.9227858999619186,0.8511855217441106,1.0
0.0,0.0,1.0,1.0,1.0,1.0,1.0,1.0,1.0,1.0
0.7291324473644916,0.8433506044905008,0.9515609741210938,0.8894642682887162,0.801782729805014,0.7291324473644916,0.8433506044905008,0.8894642682887162,0.801782729805014,1.0
0.8428331282602292,0.9147145396240255,0.9567556381225586,0.954584888847016,0.8780412065890101,0.8428331282602292,0.9147145396240255,0.954584888847016,0.8780412065890101,1.0
0.6226415094339622,0.7674418604651163,0.9970817565917969,0.8422018348623853,0.7048722602261622,0.6226415094339622,0.7674418604651163,0.8422018348623853,0.7048722602261622,1.0
0.7974125257277271,0.8872893832815312,0.9980287551879883,0.9508005141989014,0.8317317521979145,0.7974125257277271,0.8872893832815312,0.9508005141989014,0.8317317521979145,1.0
0.7654905566409991,0.8671703779570615,0.9708108901977539,0.8744682713347921,0.8599932858753755,0.7654905566409991,0.8671703779570615,0.8744682713347921,0.8599932858753755,1.0
0.9127349431318806,0.9543768167244161,0.9744338989257812,0.9724692368519623,0.9369453058169376,0.9127349431318806,0.9543768167244161,0.9724692368519623,0.9369453058169376,1.0
0.8538273770929479,0.9211508985608624,0.9780702590942383,0.9487748197017751,0.8950900294544921,0.8538273770929479,0.9211508985608624,0.9487748197017751,0.8950900294544921,1.0
0.0,0.0,0.9999923706054688,0.0,1.0,0.0,0.0,0.0,1.0,0.0
0.8664413439230715,0.9284420823018195,0.980290412902832,0.9640687131033788,0.8953547387541404,0.8664413439230715,0.9284420823018195,0.9640687131033788,0.8953547387541404,1.0
0.5941319546920956,0.7453987142574422,0.9619665145874023,0.7061812023708721,0.789228211055684,0.5941319546920956,0.7453987142574422,0.7061812023708721,0.789228211055684,1.0
0.8719980004781466,0.9316227904681741,0.9887666702270508,0.9326352003161357,0.9306125762531023,0.8719980004781466,0.9316227904681741,0.9326352003161357,0.9306125762531023,1.0
0.7068676047329709,0.8282629569779152,0.9650335311889648,0.9198110753929861,0.7532886889547763,0.7068676047329709,0.8282629569779152,0.9198110753929861,0.7532886889547763,1.0
0.0,0.0,1.0,1.0,1.0,1.0,1.0,1.0,1.0,1.0
0.5854328243171636,0.7385148274185708,0.9917926788330078,0.9534756001882944,0.6026480214221958,0.5854328243171636,0.7385148274185708,0.9534756001882944,0.6026480214221958,1.0
0.8699812781543039,0.9304705756337699,0.9393329620361328,0.946312052165059,0.9151507463681338,0.8699812781543039,0.9304705756337699,0.946312052165059,0.9151507463681338,1.0
0.7808762630045374,0.8769573487235006,0.9567537307739258,0.9555910354207321,0.8102809408484885,0.7808762630045374,0.8769573487235006,0.9555910354207321,0.8102809408484885,1.0
0.7727924666409488,0.8718363612016248,0.9780941009521484,0.9494221584901992,0.8059730747408057,0.7727924666409488,0.8718363612016248,0.9494221584901992,0.8059730747408057,1.0
0.834723083803396,0.9099172416504492,0.9781484603881836,0.9697723920622151,0.8570211883549216,0.834723083803396,0.9099172416504492,0.9697723920622151,0.8570211883549216,1.0
0.0,0.0,1.0,1.0,1.0,1.0,1.0,1.0,1.0,1.0
0.7527740189445197,0.858951594225276,0.9982576370239258,0.9357443229604709,0.7938070776255708,0.7527740189445197,0.858951594225276,0.9357443229604709,0.7938070776255708,1.0
0.7159903975642602,0.8344923125217522,0.9768705368041992,0.871129981335575,0.8008120497707925,0.7159903975642602,0.8344923125217522,0.871129981335575,0.8008120497707925,1.0
0.5788587880496535,0.7332622682041264,0.9529886245727539,0.9054052248279548,0.6161204670279707,0.5788587880496535,0.7332622682041264,0.9054052248279548,0.6161204670279707,1.0
0.8463909126117107,0.9168057607199712,0.9198102951049805,0.9511854120815951,0.8848246530397101,0.8463909126117107,0.9168057607199712,0.9511854120815951,0.8848246530397101,1.0
0.8429221578949164,0.9147669686252478,0.9121809005737305,0.9562265129437626,0.8767531852303958,0.8429221578949164,0.9147669686252478,0.9562265129437626,0.8767531852303958,1.0
0.8220368547734825,0.9023273625007755,0.9129180908203125,0.9130015974924995,0.8918998359074992,0.8220368547734825,0.9023273625007755,0.9130015974924995,0.8918998359074992,1.0
0.5717480639547066,0.7275314372153511,0.9044914245605469,0.6402392307839645,0.8423847985786469,0.5717480639547066,0.7275314372153511,0.6402392307839645,0.8423847985786469,1.0
0.8506790399826339,0.9193155826637733,0.9370231628417969,0.9663429306797429,0.8766530191849261,0.8506790399826339,0.9193155826637733,0.9663429306797429,0.8766530191849261,1.0
0.8434192590387731,0.9150596153352147,0.9117050170898438,0.9536049257598501,0.8795092968010116,0.8434192590387731,0.9150596153352147,0.9536049257598501,0.8795092968010116,1.0
0.0,0.0,1.0,1.0,1.0,1.0,1.0,1.0,1.0,1.0
0.8344235789723508,0.9097392647338268,0.9574184417724609,0.9473356264445969,0.8750131243802376,0.8344235789723508,0.9097392647338268,0.9473356264445969,0.8750131243802376,1.0
0.8296027249661118,0.9068665165892533,0.9438953399658203,0.9072916699663276,0.9064417614760194,0.8296027249661118,0.9068665165892533,0.9072916699663276,0.9064417614760194,1.0
0.8229412610097111,0.9028719450388557,0.90130615234375,0.9407829883115054,0.8678979733240949,0.8229412610097111,0.9028719450388557,0.9407829883115054,0.8678979733240949,1.0
0.8224232947991695,0.9025601210719821,0.9008970260620117,0.9506500586652761,0.8591013029019423,0.8224232947991695,0.9025601210719821,0.9506500586652761,0.8591013029019423,1.0
0.6561481013989692,0.792378532867577,0.9095907211303711,0.9016472699180104,0.7067312575692464,0.6561481013989692,0.792378532867577,0.9016472699180104,0.7067312575692464,1.0
0.749672896310162,0.8569291984703278,0.9118728637695312,0.8506156598287341,0.863337160113306,0.749672896310162,0.8569291984703278,0.8506156598287341,0.863337160113306,1.0
0.3761981443140863,0.5467209004290411,0.9844837188720703,0.9554971272762683,0.3829073170731707,0.3761981443140863,0.5467209004290411,0.9554971272762683,0.3829073170731707,0.0
0.7686595752370168,0.8692001400371343,0.9084291458129883,0.8960527572279986,0.8439101165205201,0.7686595752370168,0.8692001400371343,0.8960527572279986,0.8439101165205201,1.0
0.835160267178398,0.9101769279938439,0.8895721435546875,0.9374575542626307,0.884439171250978,0.835160267178398,0.9101769279938439,0.9374575542626307,0.884439171250978,1.0
0.8387631461838748,0.9123123311717704,0.8908109664916992,0.9478913519888086,0.8793075957776629,0.8387631461838748,0.9123123311717704,0.9478913519888086,0.8793075957776629,1.0
0.8130270874057526,0.8968725211591926,0.8722934722900391,0.9553960375733213,0.8451049686871839,0.8130270874057526,0.8968725211591926,0.9553960375733213,0.8451049686871839,1.0
0.8438148838270525,0.9152924094805184,0.9020767211914062,0.9506415924654013,0.8824778642809192,0.8438148838270525,0.9152924094805184,0.9506415924654013,0.8824778642809192,1.0
0.8475098569014636,0.9174617972786981,0.8931093215942383,0.9598677925359795,0.878644179679621,0.8475098569014636,0.9174617972786981,0.9598677925359795,0.878644179679621,1.0
0.8409105574624955,0.9135811124051606,0.9271125793457031,0.9082327073577053,0.9189928820198776,0.8409105574624955,0.9135811124051606,0.9082327073577053,0.9189928820198776,1.0
0.7937725080159096,0.8850314122540552,0.9581670761108398,0.9370826927453059,0.8384583296087721,0.7937725080159096,0.8850314122540552,0.9370826927453059,0.8384583296087721,1.0
0.8013971446351726,0.8897506549534088,0.885258674621582,0.9053869077590418,0.8746453169222786,0.8013971446351726,0.8897506549534088,0.9053869077590418,0.8746453169222786,1.0
0.8473274897500069,0.9173549297040701,0.9631738662719727,0.9480482712248293,0.888586674848559,0.8473274897500069,0.9173549297040701,0.9480482712248293,0.888586674848559,1.0
0.8370983589170974,0.9113266634351972,0.9223642349243164,0.9442979683972912,0.8805801433518224,0.8370983589170974,0.9113266634351972,0.9442979683972912,0.8805801433518224,1.0
0.822529453562938,0.902624044791091,0.903533935546875,0.9302675834151859,0.8765759886915858,0.822529453562938,0.902624044791091,0.9302675834151859,0.8765759886915858,1.0
0.5590370169246086,0.7171568229051771,0.9767675399780273,0.8293678500456523,0.6316909042564071,0.5590370169246086,0.7171568229051771,0.8293678500456523,0.6316909042564071,1.0
0.0,0.0,1.0,1.0,1.0,1.0,1.0,1.0,1.0,1.0
0.0,0.0,0.9999408721923828,1.0,0.0,0.0,0.0,1.0,0.0,0.0
0.6701158683933329,0.8024782963567559,0.9949226379394531,0.9558108705258507,0.6915403798196815,0.6701158683933329,0.8024782963567559,0.9558108705258507,0.6915403798196815,1.0
0.8923490226056568,0.9431125146004441,0.9764976501464844,0.9574430191084594,0.929204666924424,0.8923490226056568,0.9431125146004441,0.9574430191084594,0.929204666924424,1.0
0.8327925284972046,0.908769012911736,0.9354257583618164,0.9576031030292016,0.8646739534537884,0.8327925284972046,0.908769012911736,0.9576031030292016,0.8646739534537884,1.0
0.7951309845969685,0.8858751716944893,0.923614501953125,0.9428839206908161,0.8353671153437903,0.7951309845969685,0.8858751716944893,0.9428839206908161,0.8353671153437903,1.0
0.8106095482201292,0.8953996172360595,0.9709672927856445,0.9461565272956998,0.8498111878534114,0.8106095482201292,0.8953996172360595,0.9461565272956998,0.8498111878534114,1.0
0.7671521631199603,0.8682355477137068,0.8962335586547852,0.9133506586155061,0.8273675853203133,0.7671521631199603,0.8682355477137068,0.9133506586155061,0.8273675853203133,1.0
0.8404000493888134,0.9132797509627384,0.9322004318237305,0.9491466979708881,0.8800248243956106,0.8404000493888134,0.9132797509627384,0.9491466979708881,0.8800248243956106,1.0
0.7339647248788971,0.8465739981303926,0.9591474533081055,0.842089137482632,0.8511068861714846,0.7339647248788971,0.8465739981303926,0.842089137482632,0.8511068861714846,1.0
0.8380231670793099,0.9118744334555491,0.9006099700927734,0.9558652770563615,0.8717545354452667,0.8380231670793099,0.9118744334555491,0.9558652770563615,0.8717545354452667,1.0
0.8201451826420914,0.9011865541973775,0.8820934295654297,0.9551915123605823,0.8529615122177792,0.8201451826420914,0.9011865541973775,0.9551915123605823,0.8529615122177792,1.0
0.8355130222176604,0.9103863738413542,0.8976020812988281,0.9607912566457737,0.8650065343720659,0.8355130222176604,0.9103863738413542,0.9607912566457737,0.8650065343720659,1.0
0.810379306597109,0.8952591356342264,0.9667224884033203,0.9263289975525822,0.8662058550185874,0.810379306597109,0.8952591356342264,0.9263289975525822,0.8662058550185874,1.0
0.766831079551615,0.8680298738532728,0.8830995559692383,0.8903244329600919,0.8468245915861603,0.766831079551615,0.8680298738532728,0.8903244329600919,0.8468245915861603,1.0
0.8311395329250538,0.9077839432557009,0.9196939468383789,0.9509945414371233,0.8683294226095701,0.8311395329250538,0.9077839432557009,0.9509945414371233,0.8683294226095701,1.0
0.7769136252089,0.8744528875088831,0.9374933242797852,0.9206290307618468,0.8326876354323988,0.7769136252089,0.8744528875088831,0.9206290307618468,0.8326876354323988,1.0
0.8255764330045237,0.904455620787999,0.9045038223266602,0.9539869891468874,0.8598137622884054,0.8255764330045237,0.904455620787999,0.9539869891468874,0.8598137622884054,1.0
0.827599359051642,0.9056682526755654,0.9249944686889648,0.9448079978979242,0.8696423306552664,0.827599359051642,0.9056682526755654,0.9448079978979242,0.8696423306552664,1.0
0.8318407435040556,0.9082020327955588,0.9331521987915039,0.940406547062094,0.8781301916609263,0.8318407435040556,0.9082020327955588,0.940406547062094,0.8781301916609263,1.0
0.8035300153054952,0.8910636457241188,0.9558067321777344,0.9460115104897199,0.8421485289739477,0.8035300153054952,0.8910636457241188,0.9460115104897199,0.8421485289739477,1.0
0.802467511584733,0.8904099590446454,0.9742259979248047,0.9577278040440342,0.8319340466159488,0.802467511584733,0.8904099590446454,0.9577278040440342,0.8319340466159488,1.0
0.8475462360815912,0.9174831130387602,0.9770841598510742,0.9723760927639193,0.8684566376283969,0.8475462360815912,0.9174831130387602,0.9723760927639193,0.8684566376283969,1.0
0.8852013155182765,0.93910534459278,0.9511318206787109,0.97174927264276,0.9085833465554628,0.8852013155182765,0.93910534459278,0.97174927264276,0.9085833465554628,1.0
0.8872478405602404,0.9402557750940181,0.960139274597168,0.9626558566996429,0.918874445087012,0.8872478405602404,0.9402557750940181,0.9626558566996429,0.918874445087012,1.0
0.35217861358248775,0.5209054632944076,0.9377117156982422,0.8357931407857261,0.37835793063029466,0.35217861358248775,0.5209054632944076,0.8357931407857261,0.37835793063029466,0.0
0.48248779452345575,0.6509163802978236,0.9953498840332031,0.9251119251119251,0.5020985199911642,0.48248779452345575,0.6509163802978236,0.9251119251119251,0.5020985199911642,0.0
0.5720450172021693,0.7277718016246894,0.9510068893432617,0.7299960667169844,0.7255610498288323,0.5720450172021693,0.7277718016246894,0.7299960667169844,0.7255610498288323,1.0
0.8404715127701375,0.9133219470538002,0.9705734252929688,0.9691484985602633,0.8635767218252809,0.8404715127701375,0.9133219470538002,0.9691484985602633,0.8635767218252809,1.0
0.6962731954186273,0.8209446418173134,0.9217023849487305,0.9133175461242078,0.745540683464779,0.6962731954186273,0.8209446418173134,0.9133175461242078,0.745540683464779,1.0
0.8236587578277833,0.9033035970050327,0.923060417175293,0.933229979023698,0.875236909584154,0.8236587578277833,0.9033035970050327,0.933229979023698,0.875236909584154,1.0
0.8628287934100908,0.9263640292252495,0.9371118545532227,0.9571909549710045,0.8974607515621484,0.8628287934100908,0.9263640292252495,0.9571909549710045,0.8974607515621484,1.0
0.6935996423436159,0.8190833594931651,0.9758167266845703,0.8483285549611326,0.7917873596513008,0.6935996423436159,0.8190833594931651,0.8483285549611326,0.7917873596513008,1.0
0.836560785483599,0.9110080015819544,0.9399137496948242,0.9594204623211258,0.8672466418361996,0.836560785483599,0.9110080015819544,0.9594204623211258,0.8672466418361996,1.0
0.7390675765397323,0.849958433484539,0.9366588592529297,0.9018792847212235,0.8036902859779386,0.7390675765397323,0.849958433484539,0.9018792847212235,0.8036902859779386,1.0
0.8311435775140602,0.9077863557181151,0.9315958023071289,0.9435430636139388,0.8746407832411757,0.8311435775140602,0.9077863557181151,0.9435430636139388,0.8746407832411757,1.0
0.7860906638624726,0.8802360146293233,0.9643049240112305,0.9257935546401744,0.8389518819647334,0.7860906638624726,0.8802360146293233,0.9257935546401744,0.8389518819647334,1.0
0.8123565052806057,0.8964643577725114,0.968043327331543,0.9237121935689271,0.8707779851978127,0.8123565052806057,0.8964643577725114,0.9237121935689271,0.8707779851978127,1.0
0.8036368847173462,0.8911293526172112,0.9346580505371094,0.9581456854075405,0.8328749301999548,0.8036368847173462,0.8911293526172112,0.9581456854075405,0.8328749301999548,1.0
0.8017506613231004,0.8899684940138627,0.9500408172607422,0.9372586146638412,0.847221278008166,0.8017506613231004,0.8899684940138627,0.9372586146638412,0.847221278008166,1.0
0.8165351666854617,0.8990028727881458,0.9100112915039062,0.9246618623934616,0.8747294862582143,0.8165351666854617,0.8990028727881458,0.9246618623934616,0.8747294862582143,1.0
0.8832873541796242,0.9380271706485191,0.948638916015625,0.9574712994698007,0.9193570579491448,0.8832873541796242,0.9380271706485191,0.9574712994698007,0.9193570579491448,1.0
0.8511248034917355,0.9195758188602711,0.9204339981079102,0.9453308017646989,0.8951869750856285,0.8511248034917355,0.9195758188602711,0.9453308017646989,0.8951869750856285,1.0
0.8001221151631683,0.8889642635056932,0.8932294845581055,0.93714909446769,0.845492104816345,0.8001221151631683,0.8889642635056932,0.93714909446769,0.845492104816345,1.0
0.8317610405455457,0.9081545268566535,0.9484500885009766,0.9504331806413066,0.8694770884576842,0.8317610405455457,0.9081545268566535,0.9504331806413066,0.8694770884576842,1.0
0.5980129650507328,0.7484456986639623,0.9727964401245117,0.736360796834872,0.7609338856312873,0.5980129650507328,0.7484456986639623,0.736360796834872,0.7609338856312873,1.0
0.8274925856025883,0.9056043150289828,0.9389810562133789,0.9443512829112347,0.8699116248221442,0.8274925856025883,0.9056043150289828,0.9443512829112347,0.8699116248221442,1.0
0.8396189881846219,0.9128183537757208,0.9450998306274414,0.9496547964543768,0.8787329208483738,0.8396189881846219,0.9128183537757208,0.9496547964543768,0.8787329208483738,1.0
0.8468241429111458,0.9170598577689139,0.9397163391113281,0.9485684505390704,0.887577210663199,0.8468241429111458,0.9170598577689139,0.9485684505390704,0.887577210663199,1.0
0.8065612071736418,0.8929243072096116,0.9466238021850586,0.9500677840518171,0.8422648264710978,0.8065612071736418,0.8929243072096116,0.9500677840518171,0.8422648264710978,1.0
0.6662191280789506,0.7996776856679839,0.8937845230102539,0.7932501195395408,0.806210265579157,0.6662191280789506,0.7996776856679839,0.7932501195395408,0.806210265579157,1.0
0.8511170812028772,0.9195713116642104,0.959040641784668,0.9665578830096724,0.8769412100864348,0.8511170812028772,0.9195713116642104,0.9665578830096724,0.8769412100864348,1.0
0.7918146909120076,0.8838131475626929,0.9405927658081055,0.9332865887765794,0.8393208234289702,0.7918146909120076,0.8838131475626929,0.9332865887765794,0.8393208234289702,1.0
0.8014088674928366,0.8897578800177894,0.9212789535522461,0.9486256507227722,0.83776938882783,0.8014088674928366,0.8897578800177894,0.9486256507227722,0.83776938882783,1.0
0.8217495840056928,0.9021542710593805,0.9526996612548828,0.9339326705496965,0.8724673183909888,0.8217495840056928,0.9021542710593805,0.9339326705496965,0.8724673183909888,1.0
0.8023606427927799,0.8903441672466974,0.9408035278320312,0.915739401559695,0.8663194444444444,0.8023606427927799,0.8903441672466974,0.915739401559695,0.8663194444444444,1.0
0.8063921713856064,0.8928207109833269,0.9177350997924805,0.905802892748464,0.8802053985722056,0.8063921713856064,0.8928207109833269,0.905802892748464,0.8802053985722056,1.0
0.7885820338109574,0.8817957677129457,0.9381847381591797,0.9528105208813642,0.8206324907590636,0.7885820338109574,0.8817957677129457,0.9528105208813642,0.8206324907590636,1.0
0.8219731687666961,0.9022889939955531,0.9479484558105469,0.9618471826228344,0.8496764861575187,0.8219731687666961,0.9022889939955531,0.9618471826228344,0.8496764861575187,1.0
0.7544487159772413,0.860040774183596,0.9238576889038086,0.9492904768722936,0.7861308909583843,0.7544487159772413,0.860040774183596,0.9492904768722936,0.7861308909583843,1.0
0.6991978486503412,0.8229740276633569,0.9065532684326172,0.8829118340259257,0.7706568226727661,0.6991978486503412,0.8229740276633569,0.8829118340259257,0.7706568226727661,1.0
0.8389887909600786,0.9124457909523949,0.9628210067749023,0.9292435352615858,0.8962445622920876,0.8389887909600786,0.9124457909523949,0.9292435352615858,0.8962445622920876,1.0
0.6276342477661265,0.7712227100499188,0.9093084335327148,0.9084515024767346,0.6700120802732065,0.6276342477661265,0.7712227100499188,0.9084515024767346,0.6700120802732065,1.0
0.7527313888250927,0.8589238415244799,0.9425010681152344,0.95087606594067,0.7831875400042672,0.7527313888250927,0.8589238415244799,0.95087606594067,0.7831875400042672,1.0
0.6373571851244936,0.778519422536425,0.9240217208862305,0.8805078510655692,0.6977048951606474,0.6373571851244936,0.778519422536425,0.8805078510655692,0.6977048951606474,1.0
0.8476011348783831,0.9175152784631471,0.9772043228149414,0.9636201535216474,0.8756207764151067,0.8476011348783831,0.9175152784631471,0.9636201535216474,0.8756207764151067,1.0
0.7452628611954684,0.8540408184529624,0.9465627670288086,0.9051260532040594,0.8084140032843313,0.7452628611954684,0.8540408184529624,0.9051260532040594,0.8084140032843313,1.0
0.0,0.0,1.0,1.0,1.0,1.0,1.0,1.0,1.0,1.0
0.0,0.0,1.0,1.0,1.0,1.0,1.0,1.0,1.0,1.0
0.6051008419815939,0.7539723687822135,0.9923067092895508,0.8795986622073578,0.6597459436379163,0.6051008419815939,0.7539723687822135,0.8795986622073578,0.6597459436379163,1.0
0.8158098888334431,0.8985631082310666,0.9162216186523438,0.9265973990098043,0.8721753612825277,0.8158098888334431,0.8985631082310666,0.9265973990098043,0.8721753612825277,1.0
0.7960257253809137,0.8864302043469751,0.9396886825561523,0.9518232129427872,0.8294449373554874,0.7960257253809137,0.8864302043469751,0.9518232129427872,0.8294449373554874,1.0
0.811314154175646,0.8958293096813857,0.9326162338256836,0.9515356138383769,0.8462847671973147,0.811314154175646,0.8958293096813857,0.9515356138383769,0.8462847671973147,1.0
0.7927967612694817,0.884424579959751,0.9623184204101562,0.9337805201944398,0.8400242261253202,0.7927967612694817,0.884424579959751,0.9337805201944398,0.8400242261253202,1.0
0.6241459741946913,0.7685835929915903,0.9392995834350586,0.6751624092137286,0.8920095871451237,0.6241459741946913,0.7685835929915903,0.6751624092137286,0.8920095871451237,1.0
0.8243288619251148,0.90370643049,0.9705629348754883,0.950905987394958,0.8609709268803015,0.8243288619251148,0.90370643049,0.950905987394958,0.8609709268803015,1.0
0.7710603689643316,0.870733016757895,0.9377717971801758,0.9036493348958654,0.840130437109587,0.7710603689643316,0.870733016757895,0.9036493348958654,0.840130437109587,1.0
0.5096531250622621,0.675192355914532,0.9295873641967773,0.7188354752894451,0.6365453685808373,0.5096531250622621,0.675192355914532,0.7188354752894451,0.6365453685808373,1.0
0.5967228625494582,0.7474344816440865,0.9731721878051758,0.8121158911325724,0.6922961780261451,0.5967228625494582,0.7474344816440865,0.8121158911325724,0.6922961780261451,1.0
0.7175362865006224,0.835541341560311,0.9528226852416992,0.9443313068766767,0.7492279074204357,0.7175362865006224,0.835541341560311,0.9443313068766767,0.7492279074204357,1.0
0.710031401726939,0.8304308342056027,0.9113197326660156,0.9251982901537561,0.7532735200513442,0.710031401726939,0.8304308342056027,0.9251982901537561,0.7532735200513442,1.0
0.8499642114024136,0.9188980047976995,0.9570207595825195,0.9305041257252821,0.9075778420017987,0.8499642114024136,0.9188980047976995,0.9305041257252821,0.9075778420017987,1.0
0.8285558219681431,0.9062406649159198,0.9254674911499023,0.9479229410111232,0.8680697125495,0.8285558219681431,0.9062406649159198,0.9479229410111232,0.8680697125495,1.0
0.8224029973941037,0.9025478980994619,0.9033527374267578,0.9389984272891347,0.8688215321156288,0.8224029973941037,0.9025478980994619,0.9389984272891347,0.8688215321156288,1.0
0.7254356252163702,0.8408724319986152,0.9228515625,0.958487858472163,0.7489671557273361,0.7254356252163702,0.8408724319986152,0.958487858472163,0.7489671557273361,1.0
0.17883456128600134,0.3034090909090909,0.9964923858642578,0.43818380743982493,0.2320393974507532,0.17883456128600134,0.3034090909090909,0.43818380743982493,0.2320393974507532,0.0
0.18375691493626234,0.31046393498137487,0.990290641784668,0.34254969361829324,0.2838741639831558,0.18375691493626234,0.31046393498137487,0.34254969361829324,0.2838741639831558,0.0
0.7278067277718326,0.8424631251556788,0.9553661346435547,0.8113091340512295,0.8761052653687018,0.7278067277718326,0.8424631251556788,0.8113091340512295,0.8761052653687018,1.0
0.7321873210742866,0.8453904634519445,0.9424562454223633,0.8576330401147919,0.8334924893517045,0.7321873210742866,0.8453904634519445,0.8576330401147919,0.8334924893517045,1.0
0.8185325899245078,0.900212175970393,0.9473886489868164,0.9500389425940349,0.8553514895898858,0.8185325899245078,0.900212175970393,0.9500389425940349,0.8553514895898858,1.0
0.8261453514400836,0.904796927351475,0.9588918685913086,0.9607279379001431,0.8550199529144613,0.8261453514400836,0.904796927351475,0.9607279379001431,0.8550199529144613,1.0
0.7627459420273439,0.8654065499082705,0.9600496292114258,0.9211444283330141,0.816029132861116,0.7627459420273439,0.8654065499082705,0.9211444283330141,0.816029132861116,1.0
0.8364485468032601,0.9109414453884717,0.914799690246582,0.9531900956100329,0.8722790498772446,0.8364485468032601,0.9109414453884717,0.9531900956100329,0.8722790498772446,1.0
0.8059596003664762,0.8925555147556191,0.9575843811035156,0.9490231535470083,0.8424302398226982,0.8059596003664762,0.8925555147556191,0.9490231535470083,0.8424302398226982,1.0
0.8123731951935051,0.8964745200910664,0.8849067687988281,0.9553488338077817,0.8444353586267415,0.8123731951935051,0.8964745200910664,0.9553488338077817,0.8444353586267415,1.0
0.8430711534675055,0.9148546998648138,0.918670654296875,0.9614961657761417,0.8725289667938844,0.8430711534675055,0.9148546998648138,0.9614961657761417,0.8725289667938844,1.0
0.8296229336195023,0.9068785905282437,0.9049139022827148,0.9587318200219197,0.860346550795316,0.8296229336195023,0.9068785905282437,0.9587318200219197,0.860346550795316,1.0
0.811797411972507,0.8961238233459023,0.8831424713134766,0.9537765538945712,0.8450436478751638,0.811797411972507,0.8961238233459023,0.9537765538945712,0.8450436478751638,1.0
0.830347386343422,0.9073112487157415,0.9108657836914062,0.9700410112431029,0.8522018085419515,0.830347386343422,0.9073112487157415,0.9700410112431029,0.8522018085419515,1.0
0.8486935646358629,0.918154940192081,0.9192161560058594,0.9474618282175069,0.8906066950704502,0.8486935646358629,0.918154940192081,0.9474618282175069,0.8906066950704502,1.0
0.8335495028102032,0.9092195236972412,0.9753999710083008,0.9629364582401526,0.8611790745271635,0.8335495028102032,0.9092195236972412,0.9629364582401526,0.8611790745271635,1.0
0.551385234483826,0.7108295505561929,0.9502439498901367,0.6171978016689607,0.8379505004834958,0.551385234483826,0.7108295505561929,0.6171978016689607,0.8379505004834958,1.0
0.0,0.0,0.9998836517333984,1.0,0.0,0.0,0.0,1.0,0.0,0.0
0.7342215988779803,0.8467448443186413,0.999638557434082,0.9339875111507583,0.7744082840236687,0.7342215988779803,0.8467448443186413,0.9339875111507583,0.7744082840236687,1.0
0.7846675128180756,0.8793430789570971,0.9632720947265625,0.9297966647452843,0.8340831961391476,0.7846675128180756,0.8793430789570971,0.9297966647452843,0.8340831961391476,1.0
0.7831928214632823,0.8784163014077152,0.9542608261108398,0.9350675985643738,0.8282373412880526,0.7831928214632823,0.8784163014077152,0.9350675985643738,0.8282373412880526,1.0
0.7473350912737602,0.8553998543335761,0.9763326644897461,0.9224621107396889,0.7974275130090928,0.7473350912737602,0.8553998543335761,0.9224621107396889,0.7974275130090928,1.0
0.7818979709592551,0.8776012809962777,0.9607076644897461,0.9472826853763965,0.8174688826534283,0.7818979709592551,0.8776012809962777,0.9472826853763965,0.8174688826534283,1.0
0.7192995479890462,0.8367355750548117,0.9350910186767578,0.9121337161564973,0.7728507428956313,0.7192995479890462,0.8367355750548117,0.9121337161564973,0.7728507428956313,1.0
0.6851434185219522,0.8131573977518126,0.9565982818603516,0.9039890460976723,0.7389124335939832,0.6851434185219522,0.8131573977518126,0.9039890460976723,0.7389124335939832,1.0
0.6675930717304975,0.8006666410981448,0.9454774856567383,0.8739068553205416,0.7387533456866379,0.6675930717304975,0.8006666410981448,0.8739068553205416,0.7387533456866379,1.0
0.6998362743314536,0.823416095890411,0.94964599609375,0.9378352023403218,0.7338801983975581,0.6998362743314536,0.823416095890411,0.9378352023403218,0.7338801983975581,1.0
0.700979982622644,0.8242072097072454,0.9317331314086914,0.9029270917406511,0.758112680764939,0.700979982622644,0.8242072097072454,0.9029270917406511,0.758112680764939,1.0
0.7037505645325326,0.8261192444278068,0.9180498123168945,0.9369010464475859,0.7387655393301124,0.7037505645325326,0.8261192444278068,0.9369010464475859,0.7387655393301124,1.0
0.7377097770257341,0.8490598220473835,0.9333295822143555,0.9324152582560368,0.7793848922431733,0.7377097770257341,0.8490598220473835,0.9324152582560368,0.7793848922431733,1.0
0.6784019215108866,0.8083903060599378,0.9254283905029297,0.8654508059100067,0.7583885828835207,0.6784019215108866,0.8083903060599378,0.8654508059100067,0.7583885828835207,1.0
0.7147829897032691,0.8336716587408617,0.9329547882080078,0.9235656435929023,0.7597248873461115,0.7147829897032691,0.8336716587408617,0.9235656435929023,0.7597248873461115,1.0
0.7972364892504886,0.8871803950330037,0.9914913177490234,0.9333510709059465,0.8453623153480975,0.7972364892504886,0.8871803950330037,0.9333510709059465,0.8453623153480975,1.0
0.10714285714285714,0.1935483870967742,0.9993562698364258,1.0,0.10714285714285714,0.10714285714285714,0.1935483870967742,1.0,0.10714285714285714,0.0
0.8230400908943354,0.9029314220847152,0.9792051315307617,0.9497031446069709,0.860550365297966,0.8230400908943354,0.9029314220847152,0.9497031446069709,0.860550365297966,1.0
0.7496638199191138,0.8569232687840233,0.9529523849487305,0.9196874902729791,0.8021784694243237,0.7496638199191138,0.8569232687840233,0.9196874902729791,0.8021784694243237,1.0
0.68410179317298,0.812423329689684,0.9330663681030273,0.890361848078872,0.7470313575149906,0.68410179317298,0.812423329689684,0.890361848078872,0.7470313575149906,1.0
0.8568050385146684,0.9228809926108995,0.9650039672851562,0.9651683121313089,0.8841436406246225,0.8568050385146684,0.9228809926108995,0.9651683121313089,0.8841436406246225,1.0
0.7898030863505586,0.8825586371749773,0.9892702102661133,0.9389019677519655,0.8325947808961103,0.7898030863505586,0.8825586371749773,0.9389019677519655,0.8325947808961103,1.0
0.7928405109244697,0.8844518027045756,0.9734430313110352,0.933714145538014,0.8401270722151715,0.7928405109244697,0.8844518027045756,0.933714145538014,0.8401270722151715,1.0
0.8111874247681088,0.8957520504781191,0.9745693206787109,0.937489259674476,0.8575727406786385,0.8111874247681088,0.8957520504781191,0.937489259674476,0.8575727406786385,1.0
0.7047202138703366,0.826786950886638,0.938694953918457,0.9115317659780523,0.7564591838747214,0.7047202138703366,0.826786950886638,0.9115317659780523,0.7564591838747214,1.0
0.8010056226854995,0.8895092970238606,0.9594640731811523,0.9544034629716402,0.8328781793842035,0.8010056226854995,0.8895092970238606,0.9544034629716402,0.8328781793842035,1.0
0.7322751540041068,0.8454490065408752,0.9378290176391602,0.9187160264832419,0.7830048655389857,0.7322751540041068,0.8454490065408752,0.9187160264832419,0.7830048655389857,1.0
0.7557591467456649,0.8608915956912196,0.9490499496459961,0.9394762565070128,0.794438917962987,0.7557591467456649,0.8608915956912196,0.9394762565070128,0.794438917962987,1.0
0.695874078479647,0.8206671560231629,0.9790306091308594,0.8885258640481783,0.7624380559807235,0.695874078479647,0.8206671560231629,0.8885258640481783,0.7624380559807235,1.0
0.7139785546744108,0.8331242566918101,0.9706945419311523,0.944655853991946,0.7451477531036894,0.7139785546744108,0.8331242566918101,0.944655853991946,0.7451477531036894,1.0
0.7445731249796105,0.8535877508583225,0.9626655578613281,0.9303142705743285,0.7885528306971538,0.7445731249796105,0.8535877508583225,0.9303142705743285,0.7885528306971538,1.0
0.08788853161843516,0.16157635467980297,0.9983768463134766,0.9761904761904762,0.08807733619763695,0.08788853161843516,0.16157635467980297,0.9761904761904762,0.08807733619763695,0.0
0.7708781472391475,0.8706168162286827,0.9769411087036133,0.9621298136058284,0.7950003420407126,0.7708781472391475,0.8706168162286827,0.9621298136058284,0.7950003420407126,1.0
0.8087031451960361,0.894235350166746,0.9750175476074219,0.9639633366120314,0.8339144120061145,0.8087031451960361,0.894235350166746,0.9639633366120314,0.8339144120061145,1.0
0.7280606348990551,0.8426332041775663,0.9923696517944336,0.8906490374620598,0.7995297103613018,0.7280606348990551,0.8426332041775663,0.8906490374620598,0.7995297103613018,1.0
0.6934768557851391,0.8189977364215297,0.9280881881713867,0.9138614497846537,0.7419765919598471,0.6934768557851391,0.8189977364215297,0.9138614497846537,0.7419765919598471,1.0
0.7053140458701844,0.8271954923238529,0.9625043869018555,0.8133713643631963,0.8414976571162858,0.7053140458701844,0.8271954923238529,0.8133713643631963,0.8414976571162858,1.0
0.677525205360053,0.8077675413701262,0.9160251617431641,0.9062777083792588,0.7285733976567884,0.677525205360053,0.8077675413701262,0.9062777083792588,0.7285733976567884,1.0
0.7839876232836975,0.8789159891598916,0.9744338989257812,0.9446763889158591,0.8217151157880512,0.7839876232836975,0.8789159891598916,0.9446763889158591,0.8217151157880512,1.0
0.7251081185996796,0.8406523750966646,0.9520511627197266,0.813473345887029,0.8697103435612593,0.7251081185996796,0.8406523750966646,0.813473345887029,0.8697103435612593,1.0
0.7991982365104756,0.8883937526089526,0.9607334136962891,0.9512018156384047,0.8333663884947696,0.7991982365104756,0.8883937526089526,0.9512018156384047,0.8333663884947696,1.0
0.8276737838361651,0.9057128150067713,0.9592981338500977,0.9517497225794769,0.8639241039819279,0.8276737838361651,0.9057128150067713,0.9517497225794769,0.8639241039819279,1.0
0.8855111166314743,0.9392796561321454,0.9753866195678711,0.9753117182614134,0.905815087918321,0.8855111166314743,0.9392796561321454,0.9753117182614134,0.905815087918321,1.0
0.8594587119855619,0.92441817228393,0.9621992111206055,0.9544235713807591,0.8962419025645576,0.8594587119855619,0.92441817228393,0.9544235713807591,0.8962419025645576,1.0
0.6557270635852497,0.7920714446321397,0.9312114715576172,0.8091883614088821,0.7756636818392258,0.6557270635852497,0.7920714446321397,0.8091883614088821,0.7756636818392258,1.0
0.6835919896041618,0.8120637230697263,0.9310340881347656,0.9162385643912737,0.7291594716945909,0.6835919896041618,0.8120637230697263,0.9162385643912737,0.7291594716945909,1.0
0.7429826071982091,0.8525416193251988,0.9259853363037109,0.950040651783597,0.7731918970520323,0.7429826071982091,0.8525416193251988,0.950040651783597,0.7731918970520323,1.0
0.713779507716881,0.8329887298836793,0.9295921325683594,0.9133404768282882,0.7656317575434978,0.713779507716881,0.8329887298836793,0.9133404768282882,0.7656317575434978,1.0
0.7473439028825256,0.8554056263906165,0.972172737121582,0.9140490966471099,0.8038333659299824,0.7473439028825256,0.8554056263906165,0.9140490966471099,0.8038333659299824,1.0
0.7445519725378235,0.8535738507746646,0.9207296371459961,0.9179194956353055,0.7976584389373421,0.7445519725378235,0.8535738507746646,0.9179194956353055,0.7976584389373421,1.0
0.7320546063363956,0.845301994126873,0.9255952835083008,0.9696666424048329,0.7492117944373952,0.7320546063363956,0.845301994126873,0.9696666424048329,0.7492117944373952,1.0
0.2758608125341592,0.4324308887365776,0.9810466766357422,0.8057684120902512,0.29551131928181107,0.2758608125341592,0.4324308887365776,0.8057684120902512,0.29551131928181107,0.0
0.79276324137756,0.884403721674258,0.9688501358032227,0.9380837262380252,0.836534663408429,0.79276324137756,0.884403721674258,0.9380837262380252,0.836534663408429,1.0
0.7869078543427951,0.8807481062107828,0.9569721221923828,0.889256568869722,0.8724009194631926,0.7869078543427951,0.8807481062107828,0.889256568869722,0.8724009194631926,1.0
0.8297588309247969,0.9069597773225886,0.951960563659668,0.9355492640026216,0.8800658116410613,0.8297588309247969,0.9069597773225886,0.9355492640026216,0.8800658116410613,1.0
0.7382746202924193,0.8494338140520327,0.9480857849121094,0.9409922663038816,0.7741127243395846,0.7382746202924193,0.8494338140520327,0.9409922663038816,0.7741127243395846,1.0
0.6756756756756757,0.8064516129032258,0.9170188903808594,0.8014988725295132,0.8114659432746025,0.6756756756756757,0.8064516129032258,0.8014988725295132,0.8114659432746025,1.0
0.7268957904701357,0.8418525246068765,0.9254379272460938,0.8638159915650347,0.8209782540083322,0.7268957904701357,0.8418525246068765,0.8638159915650347,0.8209782540083322,1.0
0.7329720758172519,0.845913313948339,0.9021100997924805,0.8743304887509697,0.8192852012643174,0.7329720758172519,0.845913313948339,0.8743304887509697,0.8192852012643174,1.0
0.7439068522894883,0.8531497554618243,0.9109163284301758,0.9083705484175499,0.8042580687230833,0.7439068522894883,0.8531497554618243,0.9083705484175499,0.8042580687230833,1.0
0.752212562848546,0.8585859715851885,0.9276676177978516,0.8965865017678852,0.8236756625264724,0.752212562848546,0.8585859715851885,0.8965865017678852,0.8236756625264724,1.0
0.7214094151879357,0.8381613447945218,0.9090566635131836,0.8655193564781549,0.8124798473332675,0.7214094151879357,0.8381613447945218,0.8655193564781549,0.8124798473332675,1.0
0.894667698876299,0.9444059234312318,0.9914360046386719,0.933917792117153,0.9551322989844346,0.894667698876299,0.9444059234312318,0.933917792117153,0.9551322989844346,1.0
0.7327801511666119,0.8457854860274804,0.9844903945922852,0.8700495532404697,0.8228380597427997,0.7327801511666119,0.8457854860274804,0.8700495532404697,0.8228380597427997,1.0
0.9726363577404501,0.9861283899831931,0.9899406433105469,0.990183391259336,0.982106465352396,0.9726363577404501,0.9861283899831931,0.990183391259336,0.982106465352396,1.0
0.9305260544073877,0.9640129458838417,0.96051025390625,0.9787801029934455,0.9496847591943808,0.9305260544073877,0.9640129458838417,0.9787801029934455,0.9496847591943808,1.0
0.7751039645134461,0.8733054288748673,0.96905517578125,0.9156575208993475,0.8346979750557924,0.7751039645134461,0.8733054288748673,0.9156575208993475,0.8346979750557924,1.0
0.5897624503729689,0.741950409301222,0.9170265197753906,0.7589500254848184,0.7256956531829469,0.5897624503729689,0.741950409301222,0.7589500254848184,0.7256956531829469,1.0
0.8654117485116487,0.9278506465954581,0.9664316177368164,0.9370838991752509,0.9187975724115534,0.8654117485116487,0.9278506465954581,0.9370838991752509,0.9187975724115534,1.0
0.7909162308337647,0.8832531831659731,0.9553165435791016,0.9243084817889774,0.8456899102004981,0.7909162308337647,0.8832531831659731,0.9243084817889774,0.8456899102004981,1.0
0.5434220410222887,0.7041781529339208,0.9240646362304688,0.79096106497517,0.634555766101763,0.5434220410222887,0.7041781529339208,0.79096106497517,0.634555766101763,1.0
0.6702332975010065,0.8025624905260909,0.9242277145385742,0.7879612958002137,0.8177150322561043,0.6702332975010065,0.8025624905260909,0.7879612958002137,0.8177150322561043,1.0
0.7744610281923715,0.8728971962616823,0.9251632690429688,0.8793004989443526,0.8665864804803453,0.7744610281923715,0.8728971962616823,0.8793004989443526,0.8665864804803453,1.0
0.7209498821541335,0.8378511072637536,0.9760627746582031,0.9263602988443352,0.7647801115658133,0.7209498821541335,0.8378511072637536,0.9263602988443352,0.7647801115658133,1.0
0.803335662882723,0.8909441313865555,0.920562744140625,0.9722204760408035,0.8222085824339933,0.803335662882723,0.8909441313865555,0.9722204760408035,0.8222085824339933,1.0
0.6235422409353891,0.7681256763312064,0.9881477355957031,0.8388687395574391,0.708386386317492,0.6235422409353891,0.7681256763312064,0.8388687395574391,0.708386386317492,1.0
0.7724821990962618,0.8716388796345921,0.9492931365966797,0.8987295139096322,0.8461336558020942,0.7724821990962618,0.8716388796345921,0.8987295139096322,0.8461336558020942,1.0
0.7948276452264403,0.8856868762194297,0.9428396224975586,0.9116690879107935,0.8611445928354468,0.7948276452264403,0.8856868762194297,0.9116690879107935,0.8611445928354468,1.0
0.7175008182607334,0.8355172942360832,0.886408805847168,0.8403530117670589,0.8307369114800016,0.7175008182607334,0.8355172942360832,0.8403530117670589,0.8307369114800016,1.0
0.738871250937406,0.8498285891368769,0.8890867233276367,0.878365501391977,0.8230875820393789,0.738871250937406,0.8498285891368769,0.878365501391977,0.8230875820393789,1.0
0.7397876482313067,0.8504344182272884,0.9040098190307617,0.871911906299894,0.8299895873516777,0.7397876482313067,0.8504344182272884,0.871911906299894,0.8299895873516777,1.0
0.7547285352485772,0.8602225587465714,0.915583610534668,0.9203822409347873,0.8074448910865261,0.7547285352485772,0.8602225587465714,0.9203822409347873,0.8074448910865261,1.0
0.759176565470087,0.8631044550860305,0.9034624099731445,0.9007231527427304,0.8285020705411966,0.759176565470087,0.8631044550860305,0.9007231527427304,0.8285020705411966,1.0
0.7180289616361265,0.835875270638427,0.9216346740722656,0.8885831369301654,0.7890701892655261,0.7180289616361265,0.835875270638427,0.8885831369301654,0.7890701892655261,1.0
0.7075215918419258,0.8287117366155388,0.9035005569458008,0.8599347962030031,0.7996765709991996,0.7075215918419258,0.8287117366155388,0.8599347962030031,0.7996765709991996,1.0
0.8559941067957559,0.9224103715216746,0.9778146743774414,0.9557707460705843,0.8913002842538819,0.8559941067957559,0.9224103715216746,0.9557707460705843,0.8913002842538819,1.0
0.6864139338758628,0.8140515446267533,0.8663816452026367,0.8442886284614686,0.7859053798490137,0.6864139338758628,0.8140515446267533,0.8442886284614686,0.7859053798490137,1.0
0.7212190044333564,0.838032815784287,0.8738241195678711,0.8858702403876018,0.7950971806349553,0.7212190044333564,0.838032815784287,0.8858702403876018,0.7950971806349553,1.0
0.7027374877454061,0.8254208212399206,0.8872241973876953,0.8511449335813693,0.8012060105640564,0.7027374877454061,0.8254208212399206,0.8511449335813693,0.8012060105640564,1.0
0.9171394730199414,0.9567790825100826,0.9796514511108398,0.9960817724391283,0.920460214517336,0.9171394730199414,0.9567790825100826,0.9960817724391283,0.920460214517336,1.0
0.8615558416309802,0.9256298654743961,0.9748725891113281,0.9161907848418135,0.9352654635058979,0.8615558416309802,0.9256298654743961,0.9161907848418135,0.9352654635058979,1.0
0.9511712557231093,0.9749746496450951,0.9963283538818359,0.9918270184487205,0.9586853979981849,0.9511712557231093,0.9749746496450951,0.9918270184487205,0.9586853979981849,1.0
0.5940197672963843,0.7453104151950396,0.9938106536865234,0.6213846355189111,0.9309803921568628,0.5940197672963843,0.7453104151950396,0.6213846355189111,0.9309803921568628,1.0
0.8112098427887902,0.8957657181674089,0.9802446365356445,0.8872077028885832,0.9044904429472914,0.8112098427887902,0.8957657181674089,0.8872077028885832,0.9044904429472914,1.0
0.3738389351718855,0.5442252735763574,0.9937639236450195,0.5839940164547495,0.5095275385016966,0.3738389351718855,0.5442252735763574,0.5839940164547495,0.5095275385016966,0.0
0.7603872873247639,0.8638863650058664,0.8901357650756836,0.8952238922926982,0.8346685905939136,0.7603872873247639,0.8638863650058664,0.8952238922926982,0.8346685905939136,1.0
0.7889852042351422,0.8820477691680662,0.9083690643310547,0.8980668804855673,0.8665901190909815,0.7889852042351422,0.8820477691680662,0.8980668804855673,0.8665901190909815,1.0
0.7553954855994335,0.8606556092873631,0.8982143402099609,0.9058422285004453,0.8197629303912694,0.7553954855994335,0.8606556092873631,0.9058422285004453,0.8197629303912694,1.0
0.8374400355092216,0.911529104977988,0.9455137252807617,0.9645224823120356,0.8640556377557012,0.8374400355092216,0.911529104977988,0.9645224823120356,0.8640556377557012,1.0
0.8226397577419057,0.90269045679228,0.9304037094116211,0.9149207619181481,0.8907828183143589,0.8226397577419057,0.90269045679228,0.9149207619181481,0.8907828183143589,1.0
0.8385793574178334,0.9122036033250849,0.9344587326049805,0.9406461267698404,0.8854306425972724,0.8385793574178334,0.9122036033250849,0.9406461267698404,0.8854306425972724,1.0
0.836896771763114,0.911207188806623,0.9393033981323242,0.9270994501017752,0.8958505928116445,0.836896771763114,0.911207188806623,0.9270994501017752,0.8958505928116445,1.0
0.7863122714963273,0.8803749311285454,0.9324989318847656,0.9436630434782609,0.8250422893924899,0.7863122714963273,0.8803749311285454,0.9436630434782609,0.8250422893924899,1.0
0.8637549942704771,0.9268975771234068,0.9403572082519531,0.9368496167405461,0.9171547536433032,0.8637549942704771,0.9268975771234068,0.9368496167405461,0.9171547536433032,1.0
0.8813733552631579,0.9369467817724839,0.9559783935546875,0.9749191973460912,0.9018214711133666,0.8813733552631579,0.9369467817724839,0.9749191973460912,0.9018214711133666,1.0
0.893874780054588,0.9439639721363452,0.963475227355957,0.9503840295556923,0.9376300705723687,0.893874780054588,0.9439639721363452,0.9503840295556923,0.9376300705723687,1.0
0.6316297215066417,0.7742316938470535,0.9337234497070312,0.846471319481442,0.7133526893950732,0.6316297215066417,0.7742316938470535,0.846471319481442,0.7133526893950732,1.0
0.7433998772948228,0.8528162551535019,0.8962955474853516,0.8734920216821704,0.8330966566442684,0.7433998772948228,0.8528162551535019,0.8734920216821704,0.8330966566442684,1.0
0.7139264689134887,0.8330887956541903,0.8826141357421875,0.8711529953603394,0.7982116964717255,0.7139264689134887,0.8330887956541903,0.8711529953603394,0.7982116964717255,1.0
0.7438213906925994,0.8530935503631749,0.9359626770019531,0.9340404534000211,0.785057943353225,0.7438213906925994,0.8530935503631749,0.9340404534000211,0.785057943353225,1.0
0.7071753460561522,0.8284741783435899,0.8723564147949219,0.8986063657365578,0.7684964824646285,0.7071753460561522,0.8284741783435899,0.8986063657365578,0.7684964824646285,1.0
0.7532212148283972,0.8592426425801851,0.9096412658691406,0.868986841591269,0.8497145493170045,0.7532212148283972,0.8592426425801851,0.868986841591269,0.8497145493170045,1.0
0.7785595637320964,0.8754945064627259,0.9326181411743164,0.9507288864054744,0.8112940730773752,0.7785595637320964,0.8754945064627259,0.9507288864054744,0.8112940730773752,1.0
0.727377552460141,0.8421755295178008,0.8931236267089844,0.8884973107895284,0.8004443849551599,0.727377552460141,0.8421755295178008,0.8884973107895284,0.8004443849551599,1.0
0.3806027650581191,0.5513573848913693,0.8390073776245117,0.9522895857814336,0.38800136152640574,0.3806027650581191,0.5513573848913693,0.9522895857814336,0.38800136152640574,0.0
0.7889037020496891,0.8819968354314203,0.9693460464477539,0.9200674019607843,0.8469516537287335,0.7889037020496891,0.8819968354314203,0.9200674019607843,0.8469516537287335,1.0
0.7110900452017895,0.8311544412239631,0.9046669006347656,0.8664142970331895,0.7986522499829584,0.7110900452017895,0.8311544412239631,0.8664142970331895,0.7986522499829584,1.0
0.8036630822450457,0.8911454585461877,0.93017578125,0.9172331263370845,0.8665007069191336,0.8036630822450457,0.8911454585461877,0.9172331263370845,0.8665007069191336,1.0
0.6749592293809389,0.8059410850619956,0.8574419021606445,0.7330999936233075,0.8948541282287823,0.6749592293809389,0.8059410850619956,0.7330999936233075,0.8948541282287823,1.0
0.8063884481117106,0.892818428898458,0.9418191909790039,0.8923622085958517,0.8932751159250627,0.8063884481117106,0.892818428898458,0.8923622085958517,0.8932751159250627,1.0
0.7854635201798452,0.8798426977670509,0.9321060180664062,0.9009363690725142,0.8597141641461701,0.7854635201798452,0.8798426977670509,0.9009363690725142,0.8597141641461701,1.0
0.8639710265887683,0.9270219485867349,0.9738874435424805,0.9236959096630956,0.9303720268347225,0.8639710265887683,0.9270219485867349,0.9236959096630956,0.9303720268347225,1.0
0.9013654460831043,0.9481243576188433,0.9664506912231445,0.9581374971313784,0.9383183407566532,0.9013654460831043,0.9481243576188433,0.9581374971313784,0.9383183407566532,1.0
0.6803577359912351,0.809777253282195,0.8770217895507812,0.7759837833711702,0.8466480972519117,0.6803577359912351,0.809777253282195,0.7759837833711702,0.8466480972519117,1.0
0.8413802658895725,0.9138582415328546,0.9323091506958008,0.8922710133970997,0.9365159120645139,0.8413802658895725,0.9138582415328546,0.8922710133970997,0.9365159120645139,1.0
0.6477432269005685,0.786218649029417,0.9033317565917969,0.8444802870631303,0.7354772521011719,0.6477432269005685,0.786218649029417,0.8444802870631303,0.7354772521011719,1.0
0.6475142542762828,0.786049956891841,0.9327888488769531,0.863542375368525,0.7213202438127501,0.6475142542762828,0.786049956891841,0.863542375368525,0.7213202438127501,1.0
0.660179282752346,0.7953108313192063,0.8888664245605469,0.8310665212970203,0.7625049258512039,0.660179282752346,0.7953108313192063,0.8310665212970203,0.7625049258512039,1.0
0.6590362541611336,0.7944808348921407,0.9106225967407227,0.8386427714943124,0.7547372631368432,0.6590362541611336,0.7944808348921407,0.8386427714943124,0.7547372631368432,1.0
0.9194564064361687,0.9580383314287529,0.9647359848022461,0.9726780237480211,0.9438327862694417,0.9194564064361687,0.9580383314287529,0.9726780237480211,0.9438327862694417,1.0
0.917518872937769,0.9569854940014936,0.9806089401245117,0.9779365031324718,0.9369133521668171,0.917518872937769,0.9569854940014936,0.9779365031324718,0.9369133521668171,1.0
0.8111214623829187,0.8957118329498613,0.9570760726928711,0.9003325818412178,0.8911382717301601,0.8111214623829187,0.8957118329498613,0.9003325818412178,0.8911382717301601,1.0
0.7424020368631364,0.8521592848912071,0.9374761581420898,0.8530845914902839,0.8512359834030878,0.7424020368631364,0.8521592848912071,0.8530845914902839,0.8512359834030878,1.0
0.7186267608040408,0.836280194389431,0.921478271484375,0.769587732620908,0.915628551399224,0.7186267608040408,0.836280194389431,0.769587732620908,0.915628551399224,1.0
0.8907797381900967,0.9422353330724542,0.9707183837890625,0.9289185319276796,0.9559395017521893,0.8907797381900967,0.9422353330724542,0.9289185319276796,0.9559395017521893,1.0
0.8138097914552873,0.8973485481102595,0.9513483047485352,0.9199107231261758,0.8758666200541282,0.8138097914552873,0.8973485481102595,0.9199107231261758,0.8758666200541282,1.0
0.9217151127237148,0.9592630110686233,0.9853496551513672,0.9596803718383394,0.958846013157825,0.9217151127237148,0.9592630110686233,0.9596803718383394,0.958846013157825,1.0
0.8940901068551216,0.9440840260125072,0.9863224029541016,0.9750038251234106,0.9150650351817282,0.8940901068551216,0.9440840260125072,0.9750038251234106,0.9150650351817282,1.0
0.8103557412330675,0.8952447552447552,0.9685707092285156,0.8817466877050617,0.9091625132350283,0.8103557412330675,0.8952447552447552,0.8817466877050617,0.9091625132350283,1.0
0.0,0.0,0.9990320205688477,0.0,1.0,0.0,0.0,0.0,1.0,0.0
